mode: set
github.com/davidparkercodes/belay/cmd/belay/main.go:13.13,17.39 3 0
github.com/davidparkercodes/belay/cmd/belay/main.go:17.39,20.3 2 0
github.com/davidparkercodes/belay/cmd/belay/commands/claudecode.go:19.40,32.2 3 1
github.com/davidparkercodes/belay/cmd/belay/commands/claudecode.go:34.45,47.2 2 1
github.com/davidparkercodes/belay/cmd/belay/commands/claudecode.go:49.60,51.2 1 0
github.com/davidparkercodes/belay/cmd/belay/commands/claudecode.go:54.36,73.2 11 0
github.com/davidparkercodes/belay/cmd/belay/commands/commit.go:18.36,35.2 8 1
github.com/davidparkercodes/belay/cmd/belay/commands/commit.go:37.57,45.16 7 0
github.com/davidparkercodes/belay/cmd/belay/commands/commit.go:45.16,47.3 1 0
github.com/davidparkercodes/belay/cmd/belay/commands/commit.go:49.2,50.16 2 0
github.com/davidparkercodes/belay/cmd/belay/commands/commit.go:50.16,52.3 1 0
github.com/davidparkercodes/belay/cmd/belay/commands/commit.go:54.2,54.85 1 0
github.com/davidparkercodes/belay/cmd/belay/commands/commit.go:54.85,56.3 1 0
github.com/davidparkercodes/belay/cmd/belay/commands/commit.go:58.2,59.16 2 0
github.com/davidparkercodes/belay/cmd/belay/commands/commit.go:59.16,61.3 1 0
github.com/davidparkercodes/belay/cmd/belay/commands/commit.go:62.2,65.16 3 0
github.com/davidparkercodes/belay/cmd/belay/commands/commit.go:65.16,67.3 1 0
github.com/davidparkercodes/belay/cmd/belay/commands/commit.go:68.2,71.16 3 0
github.com/davidparkercodes/belay/cmd/belay/commands/commit.go:71.16,73.3 1 0
github.com/davidparkercodes/belay/cmd/belay/commands/commit.go:75.2,79.36 2 0
github.com/davidparkercodes/belay/cmd/belay/commands/commit.go:79.36,81.3 1 0
github.com/davidparkercodes/belay/cmd/belay/commands/commit.go:83.2,92.27 3 0
github.com/davidparkercodes/belay/cmd/belay/commands/commit.go:92.27,94.14 2 0
github.com/davidparkercodes/belay/cmd/belay/commands/commit.go:94.14,100.4 2 0
github.com/davidparkercodes/belay/cmd/belay/commands/commit.go:101.3,104.10 3 0
github.com/davidparkercodes/belay/cmd/belay/commands/commit.go:105.32,106.20 1 0
github.com/davidparkercodes/belay/cmd/belay/commands/commit.go:107.52,108.20 1 0
github.com/davidparkercodes/belay/cmd/belay/commands/commit.go:109.11,110.25 1 0
github.com/davidparkercodes/belay/cmd/belay/commands/commit.go:110.25,112.5 1 0
github.com/davidparkercodes/belay/cmd/belay/commands/commit.go:116.2,116.32 1 0
github.com/davidparkercodes/belay/cmd/belay/commands/commit.go:116.32,117.52 1 0
github.com/davidparkercodes/belay/cmd/belay/commands/commit.go:117.52,119.4 1 0
github.com/davidparkercodes/belay/cmd/belay/commands/commit.go:122.2,122.23 1 0
github.com/davidparkercodes/belay/cmd/belay/commands/commit.go:122.23,125.3 2 0
github.com/davidparkercodes/belay/cmd/belay/commands/commit.go:127.2,128.29 2 0
github.com/davidparkercodes/belay/cmd/belay/commands/commit.go:128.29,129.16 1 0
github.com/davidparkercodes/belay/cmd/belay/commands/commit.go:130.17,131.11 1 0
github.com/davidparkercodes/belay/cmd/belay/commands/commit.go:132.17,133.14 1 0
github.com/davidparkercodes/belay/cmd/belay/commands/commit.go:134.17,135.13 1 0
github.com/davidparkercodes/belay/cmd/belay/commands/commit.go:139.2,142.29 2 0
github.com/davidparkercodes/belay/cmd/belay/commands/commit.go:142.29,143.16 1 0
github.com/davidparkercodes/belay/cmd/belay/commands/commit.go:144.17,145.50 1 0
github.com/davidparkercodes/belay/cmd/belay/commands/commit.go:146.17,147.50 1 0
github.com/davidparkercodes/belay/cmd/belay/commands/commit.go:148.17,149.50 1 0
github.com/davidparkercodes/belay/cmd/belay/commands/commit.go:153.2,153.12 1 0
github.com/davidparkercodes/belay/cmd/belay/commands/commit.go:153.12,156.3 2 0
github.com/davidparkercodes/belay/cmd/belay/commands/commit.go:158.2,158.83 1 0
github.com/davidparkercodes/belay/cmd/belay/commands/commit.go:158.83,161.3 2 0
github.com/davidparkercodes/belay/cmd/belay/commands/commit.go:163.2,163.29 1 0
github.com/davidparkercodes/belay/cmd/belay/commands/commit.go:163.29,166.16 2 0
github.com/davidparkercodes/belay/cmd/belay/commands/commit.go:167.27,168.24 1 0
github.com/davidparkercodes/belay/cmd/belay/commands/commit.go:168.24,169.13 1 0
github.com/davidparkercodes/belay/cmd/belay/commands/commit.go:171.4,172.18 2 0
github.com/davidparkercodes/belay/cmd/belay/commands/commit.go:172.18,174.5 1 0
github.com/davidparkercodes/belay/cmd/belay/commands/commit.go:175.4,175.67 1 0
github.com/davidparkercodes/belay/cmd/belay/commands/commit.go:175.67,177.5 1 0
github.com/davidparkercodes/belay/cmd/belay/commands/commit.go:178.4,178.60 1 0
github.com/davidparkercodes/belay/cmd/belay/commands/commit.go:178.60,180.5 1 0
github.com/davidparkercodes/belay/cmd/belay/commands/commit.go:181.4,181.66 1 0
github.com/davidparkercodes/belay/cmd/belay/commands/commit.go:181.66,183.5 1 0
github.com/davidparkercodes/belay/cmd/belay/commands/commit.go:185.17,186.71 1 0
github.com/davidparkercodes/belay/cmd/belay/commands/commit.go:186.71,188.5 1 0
github.com/davidparkercodes/belay/cmd/belay/commands/commit.go:192.2,192.19 1 0
github.com/davidparkercodes/belay/cmd/belay/commands/commit.go:192.19,193.44 1 0
github.com/davidparkercodes/belay/cmd/belay/commands/commit.go:193.44,195.4 1 0
github.com/davidparkercodes/belay/cmd/belay/commands/commit.go:195.9,197.4 1 0
github.com/davidparkercodes/belay/cmd/belay/commands/commit.go:200.2,200.17 1 0
github.com/davidparkercodes/belay/cmd/belay/commands/commit.go:200.17,202.21 2 0
github.com/davidparkercodes/belay/cmd/belay/commands/commit.go:202.21,206.4 3 0
github.com/davidparkercodes/belay/cmd/belay/commands/commit.go:209.2,210.16 2 0
github.com/davidparkercodes/belay/cmd/belay/commands/commit.go:210.16,212.3 1 0
github.com/davidparkercodes/belay/cmd/belay/commands/commit.go:214.2,215.12 2 0
github.com/davidparkercodes/belay/cmd/belay/commands/commit.go:218.58,222.16 4 0
github.com/davidparkercodes/belay/cmd/belay/commands/commit.go:222.16,224.3 1 0
github.com/davidparkercodes/belay/cmd/belay/commands/commit.go:225.2,225.44 1 0
github.com/davidparkercodes/belay/cmd/belay/commands/conflicts.go:17.39,31.2 5 1
github.com/davidparkercodes/belay/cmd/belay/commands/conflicts.go:33.60,39.16 5 0
github.com/davidparkercodes/belay/cmd/belay/commands/conflicts.go:39.16,41.3 1 0
github.com/davidparkercodes/belay/cmd/belay/commands/conflicts.go:43.2,44.16 2 0
github.com/davidparkercodes/belay/cmd/belay/commands/conflicts.go:44.16,46.3 1 0
github.com/davidparkercodes/belay/cmd/belay/commands/conflicts.go:48.2,49.16 2 0
github.com/davidparkercodes/belay/cmd/belay/commands/conflicts.go:49.16,51.3 1 0
github.com/davidparkercodes/belay/cmd/belay/commands/conflicts.go:52.2,55.16 3 0
github.com/davidparkercodes/belay/cmd/belay/commands/conflicts.go:55.16,57.3 1 0
github.com/davidparkercodes/belay/cmd/belay/commands/conflicts.go:59.2,62.22 3 0
github.com/davidparkercodes/belay/cmd/belay/commands/conflicts.go:62.22,64.3 1 0
github.com/davidparkercodes/belay/cmd/belay/commands/conflicts.go:64.8,66.3 1 0
github.com/davidparkercodes/belay/cmd/belay/commands/conflicts.go:67.2,67.16 1 0
github.com/davidparkercodes/belay/cmd/belay/commands/conflicts.go:67.16,69.3 1 0
github.com/davidparkercodes/belay/cmd/belay/commands/conflicts.go:71.2,71.25 1 0
github.com/davidparkercodes/belay/cmd/belay/commands/conflicts.go:71.25,74.3 2 0
github.com/davidparkercodes/belay/cmd/belay/commands/conflicts.go:76.2,76.16 1 0
github.com/davidparkercodes/belay/cmd/belay/commands/conflicts.go:76.16,80.3 3 0
github.com/davidparkercodes/belay/cmd/belay/commands/conflicts.go:82.2,88.30 5 0
github.com/davidparkercodes/belay/cmd/belay/commands/conflicts.go:88.30,90.21 2 0
github.com/davidparkercodes/belay/cmd/belay/commands/conflicts.go:91.34,92.48 1 0
github.com/davidparkercodes/belay/cmd/belay/commands/conflicts.go:93.30,94.48 1 0
github.com/davidparkercodes/belay/cmd/belay/commands/conflicts.go:97.3,101.36 2 0
github.com/davidparkercodes/belay/cmd/belay/commands/conflicts.go:103.2,105.12 2 0
github.com/davidparkercodes/belay/cmd/belay/commands/daemon.go:14.50,29.2 3 1
github.com/davidparkercodes/belay/cmd/belay/commands/daemon.go:31.55,35.55 1 1
github.com/davidparkercodes/belay/cmd/belay/commands/daemon.go:35.55,37.4 1 0
github.com/davidparkercodes/belay/cmd/belay/commands/daemon.go:39.2,40.12 2 1
github.com/davidparkercodes/belay/cmd/belay/commands/daemon.go:43.61,45.16 2 1
github.com/davidparkercodes/belay/cmd/belay/commands/daemon.go:45.16,47.3 1 0
github.com/davidparkercodes/belay/cmd/belay/commands/daemon.go:49.2,54.38 5 1
github.com/davidparkercodes/belay/cmd/belay/commands/daemon.go:54.38,56.3 1 0
github.com/davidparkercodes/belay/cmd/belay/commands/daemon.go:58.2,60.48 2 1
github.com/davidparkercodes/belay/cmd/belay/commands/daemon.go:60.48,62.3 1 0
github.com/davidparkercodes/belay/cmd/belay/commands/daemon.go:64.2,64.17 1 1
github.com/davidparkercodes/belay/cmd/belay/commands/daemon.go:67.78,71.16 3 0
github.com/davidparkercodes/belay/cmd/belay/commands/daemon.go:71.16,73.3 1 0
github.com/davidparkercodes/belay/cmd/belay/commands/daemon.go:75.2,76.16 2 0
github.com/davidparkercodes/belay/cmd/belay/commands/daemon.go:76.16,78.3 1 0
github.com/davidparkercodes/belay/cmd/belay/commands/daemon.go:80.2,80.52 1 0
github.com/davidparkercodes/belay/cmd/belay/commands/daemon.go:80.52,83.3 2 0
github.com/davidparkercodes/belay/cmd/belay/commands/daemon.go:85.2,85.16 1 0
github.com/davidparkercodes/belay/cmd/belay/commands/daemon.go:85.16,87.17 2 0
github.com/davidparkercodes/belay/cmd/belay/commands/daemon.go:87.17,89.4 1 0
github.com/davidparkercodes/belay/cmd/belay/commands/daemon.go:90.3,90.17 1 0
github.com/davidparkercodes/belay/cmd/belay/commands/daemon.go:93.2,94.16 2 0
github.com/davidparkercodes/belay/cmd/belay/commands/daemon.go:94.16,96.3 1 0
github.com/davidparkercodes/belay/cmd/belay/commands/daemon.go:98.2,100.12 3 0
github.com/davidparkercodes/belay/cmd/belay/commands/daemon.go:103.40,107.55 1 1
github.com/davidparkercodes/belay/cmd/belay/commands/daemon.go:107.55,109.18 2 0
github.com/davidparkercodes/belay/cmd/belay/commands/daemon.go:109.18,111.5 1 0
github.com/davidparkercodes/belay/cmd/belay/commands/daemon.go:113.4,114.18 2 0
github.com/davidparkercodes/belay/cmd/belay/commands/daemon.go:114.18,116.5 1 0
github.com/davidparkercodes/belay/cmd/belay/commands/daemon.go:118.4,118.43 1 0
github.com/davidparkercodes/belay/cmd/belay/commands/daemon.go:118.43,120.5 1 0
github.com/davidparkercodes/belay/cmd/belay/commands/daemon.go:122.4,123.14 2 0
github.com/davidparkercodes/belay/cmd/belay/commands/daemon.go:128.57,132.55 1 1
github.com/davidparkercodes/belay/cmd/belay/commands/daemon.go:132.55,134.18 2 0
github.com/davidparkercodes/belay/cmd/belay/commands/daemon.go:134.18,136.5 1 0
github.com/davidparkercodes/belay/cmd/belay/commands/daemon.go:138.4,139.18 2 0
github.com/davidparkercodes/belay/cmd/belay/commands/daemon.go:139.18,141.5 1 0
github.com/davidparkercodes/belay/cmd/belay/commands/daemon.go:143.4,143.52 1 0
github.com/davidparkercodes/belay/cmd/belay/commands/daemon.go:143.52,144.44 1 0
github.com/davidparkercodes/belay/cmd/belay/commands/daemon.go:144.44,146.6 1 0
github.com/davidparkercodes/belay/cmd/belay/commands/daemon.go:147.5,147.43 1 0
github.com/davidparkercodes/belay/cmd/belay/commands/daemon.go:150.4,150.45 1 0
github.com/davidparkercodes/belay/cmd/belay/commands/daemon.go:155.42,159.55 1 1
github.com/davidparkercodes/belay/cmd/belay/commands/daemon.go:159.55,161.4 1 0
github.com/davidparkercodes/belay/cmd/belay/commands/diff.go:16.34,32.2 7 1
github.com/davidparkercodes/belay/cmd/belay/commands/diff.go:34.55,40.16 5 0
github.com/davidparkercodes/belay/cmd/belay/commands/diff.go:40.16,42.3 1 0
github.com/davidparkercodes/belay/cmd/belay/commands/diff.go:44.2,45.16 2 0
github.com/davidparkercodes/belay/cmd/belay/commands/diff.go:45.16,47.3 1 0
github.com/davidparkercodes/belay/cmd/belay/commands/diff.go:49.2,50.16 2 0
github.com/davidparkercodes/belay/cmd/belay/commands/diff.go:50.16,52.3 1 0
github.com/davidparkercodes/belay/cmd/belay/commands/diff.go:53.2,56.16 3 0
github.com/davidparkercodes/belay/cmd/belay/commands/diff.go:56.16,58.3 1 0
github.com/davidparkercodes/belay/cmd/belay/commands/diff.go:59.2,61.25 2 0
github.com/davidparkercodes/belay/cmd/belay/commands/diff.go:61.25,63.3 1 0
github.com/davidparkercodes/belay/cmd/belay/commands/diff.go:65.2,65.35 1 0
github.com/davidparkercodes/belay/cmd/belay/commands/diff.go:65.35,67.17 2 0
github.com/davidparkercodes/belay/cmd/belay/commands/diff.go:67.17,69.4 1 0
github.com/davidparkercodes/belay/cmd/belay/commands/diff.go:70.3,70.85 1 0
github.com/davidparkercodes/belay/cmd/belay/commands/diff.go:73.2,73.19 1 0
github.com/davidparkercodes/belay/cmd/belay/commands/diff.go:73.19,75.3 1 0
github.com/davidparkercodes/belay/cmd/belay/commands/diff.go:77.2,77.76 1 0
github.com/davidparkercodes/belay/cmd/belay/commands/diff.go:80.98,85.16 2 0
github.com/davidparkercodes/belay/cmd/belay/commands/diff.go:85.16,87.3 1 0
github.com/davidparkercodes/belay/cmd/belay/commands/diff.go:89.2,89.22 1 0
github.com/davidparkercodes/belay/cmd/belay/commands/diff.go:89.22,92.3 2 0
github.com/davidparkercodes/belay/cmd/belay/commands/diff.go:94.2,102.27 3 0
github.com/davidparkercodes/belay/cmd/belay/commands/diff.go:102.27,104.14 2 0
github.com/davidparkercodes/belay/cmd/belay/commands/diff.go:104.14,107.4 2 0
github.com/davidparkercodes/belay/cmd/belay/commands/diff.go:108.3,110.13 3 0
github.com/davidparkercodes/belay/cmd/belay/commands/diff.go:113.2,113.14 1 0
github.com/davidparkercodes/belay/cmd/belay/commands/diff.go:113.14,115.33 2 0
github.com/davidparkercodes/belay/cmd/belay/commands/diff.go:115.33,116.11 1 0
github.com/davidparkercodes/belay/cmd/belay/commands/diff.go:117.49,119.76 2 0
github.com/davidparkercodes/belay/cmd/belay/commands/diff.go:120.31,122.80 2 0
github.com/davidparkercodes/belay/cmd/belay/commands/diff.go:123.12,125.71 2 0
github.com/davidparkercodes/belay/cmd/belay/commands/diff.go:128.3,130.13 2 0
github.com/davidparkercodes/belay/cmd/belay/commands/diff.go:133.2,133.32 1 0
github.com/davidparkercodes/belay/cmd/belay/commands/diff.go:133.32,134.28 1 0
github.com/davidparkercodes/belay/cmd/belay/commands/diff.go:134.28,137.26 3 0
github.com/davidparkercodes/belay/cmd/belay/commands/diff.go:137.26,139.19 2 0
github.com/davidparkercodes/belay/cmd/belay/commands/diff.go:139.19,141.6 1 0
github.com/davidparkercodes/belay/cmd/belay/commands/diff.go:143.4,143.12 1 0
github.com/davidparkercodes/belay/cmd/belay/commands/diff.go:146.3,147.25 2 0
github.com/davidparkercodes/belay/cmd/belay/commands/diff.go:147.25,149.18 2 0
github.com/davidparkercodes/belay/cmd/belay/commands/diff.go:149.18,151.5 1 0
github.com/davidparkercodes/belay/cmd/belay/commands/diff.go:153.3,153.24 1 0
github.com/davidparkercodes/belay/cmd/belay/commands/diff.go:153.24,155.18 2 0
github.com/davidparkercodes/belay/cmd/belay/commands/diff.go:155.18,157.5 1 0
github.com/davidparkercodes/belay/cmd/belay/commands/diff.go:160.3,160.31 1 0
github.com/davidparkercodes/belay/cmd/belay/commands/diff.go:160.31,161.12 1 0
github.com/davidparkercodes/belay/cmd/belay/commands/diff.go:164.3,164.25 1 0
github.com/davidparkercodes/belay/cmd/belay/commands/diff.go:164.25,167.4 2 0
github.com/davidparkercodes/belay/cmd/belay/commands/diff.go:167.9,170.4 2 0
github.com/davidparkercodes/belay/cmd/belay/commands/diff.go:171.3,172.16 2 0
github.com/davidparkercodes/belay/cmd/belay/commands/diff.go:175.2,175.12 1 0
github.com/davidparkercodes/belay/cmd/belay/commands/diff.go:178.134,185.16 2 0
github.com/davidparkercodes/belay/cmd/belay/commands/diff.go:185.16,187.3 1 0
github.com/davidparkercodes/belay/cmd/belay/commands/diff.go:189.2,189.22 1 0
github.com/davidparkercodes/belay/cmd/belay/commands/diff.go:189.22,191.3 1 0
github.com/davidparkercodes/belay/cmd/belay/commands/diff.go:193.2,195.19 3 0
github.com/davidparkercodes/belay/cmd/belay/commands/diff.go:195.19,197.17 2 0
github.com/davidparkercodes/belay/cmd/belay/commands/diff.go:197.17,199.4 1 0
github.com/davidparkercodes/belay/cmd/belay/commands/diff.go:202.2,205.16 3 0
github.com/davidparkercodes/belay/cmd/belay/commands/diff.go:205.16,208.3 1 0
github.com/davidparkercodes/belay/cmd/belay/commands/diff.go:209.2,210.16 2 0
github.com/davidparkercodes/belay/cmd/belay/commands/diff.go:210.16,212.3 1 0
github.com/davidparkercodes/belay/cmd/belay/commands/diff.go:213.2,213.95 1 0
github.com/davidparkercodes/belay/cmd/belay/commands/diff.go:213.95,215.3 1 0
github.com/davidparkercodes/belay/cmd/belay/commands/diff.go:216.2,217.16 2 0
github.com/davidparkercodes/belay/cmd/belay/commands/diff.go:217.16,219.3 1 0
github.com/davidparkercodes/belay/cmd/belay/commands/diff.go:220.2,222.14 2 0
github.com/davidparkercodes/belay/cmd/belay/commands/diff.go:222.14,227.3 4 0
github.com/davidparkercodes/belay/cmd/belay/commands/diff.go:229.2,232.12 4 0
github.com/davidparkercodes/belay/cmd/belay/commands/diff.go:235.115,237.16 2 0
github.com/davidparkercodes/belay/cmd/belay/commands/diff.go:237.16,239.3 1 0
github.com/davidparkercodes/belay/cmd/belay/commands/diff.go:241.2,242.29 2 0
github.com/davidparkercodes/belay/cmd/belay/commands/diff.go:242.29,244.17 2 0
github.com/davidparkercodes/belay/cmd/belay/commands/diff.go:244.17,246.4 1 0
github.com/davidparkercodes/belay/cmd/belay/commands/diff.go:249.2,252.16 3 0
github.com/davidparkercodes/belay/cmd/belay/commands/diff.go:252.16,255.3 1 0
github.com/davidparkercodes/belay/cmd/belay/commands/diff.go:256.2,257.16 2 0
github.com/davidparkercodes/belay/cmd/belay/commands/diff.go:257.16,259.3 1 0
github.com/davidparkercodes/belay/cmd/belay/commands/diff.go:260.2,260.95 1 0
github.com/davidparkercodes/belay/cmd/belay/commands/diff.go:260.95,262.3 1 0
github.com/davidparkercodes/belay/cmd/belay/commands/diff.go:263.2,264.16 2 0
github.com/davidparkercodes/belay/cmd/belay/commands/diff.go:264.16,266.3 1 0
github.com/davidparkercodes/belay/cmd/belay/commands/diff.go:267.2,269.39 2 0
github.com/davidparkercodes/belay/cmd/belay/commands/diff.go:269.39,272.3 2 0
github.com/davidparkercodes/belay/cmd/belay/commands/diff.go:274.2,274.14 1 0
github.com/davidparkercodes/belay/cmd/belay/commands/diff.go:274.14,279.3 4 0
github.com/davidparkercodes/belay/cmd/belay/commands/diff.go:281.2,284.12 4 0
github.com/davidparkercodes/belay/cmd/belay/commands/diff.go:287.44,292.30 4 0
github.com/davidparkercodes/belay/cmd/belay/commands/diff.go:292.30,294.3 1 0
github.com/davidparkercodes/belay/cmd/belay/commands/diff.go:296.2,297.45 2 0
github.com/davidparkercodes/belay/cmd/belay/commands/diff.go:297.45,298.75 1 0
github.com/davidparkercodes/belay/cmd/belay/commands/diff.go:298.75,302.4 3 0
github.com/davidparkercodes/belay/cmd/belay/commands/diff.go:302.9,302.99 1 0
github.com/davidparkercodes/belay/cmd/belay/commands/diff.go:302.99,305.4 2 0
github.com/davidparkercodes/belay/cmd/belay/commands/diff.go:305.9,305.31 1 0
github.com/davidparkercodes/belay/cmd/belay/commands/diff.go:305.31,308.4 2 0
github.com/davidparkercodes/belay/cmd/belay/commands/diff.go:312.55,313.26 1 1
github.com/davidparkercodes/belay/cmd/belay/commands/diff.go:313.26,314.18 1 1
github.com/davidparkercodes/belay/cmd/belay/commands/diff.go:314.18,316.4 1 1
github.com/davidparkercodes/belay/cmd/belay/commands/diff.go:318.2,318.14 1 1
github.com/davidparkercodes/belay/cmd/belay/commands/gc.go:21.32,46.2 5 1
github.com/davidparkercodes/belay/cmd/belay/commands/gc.go:48.53,54.16 5 0
github.com/davidparkercodes/belay/cmd/belay/commands/gc.go:54.16,56.3 1 0
github.com/davidparkercodes/belay/cmd/belay/commands/gc.go:58.2,59.16 2 0
github.com/davidparkercodes/belay/cmd/belay/commands/gc.go:59.16,61.3 1 0
github.com/davidparkercodes/belay/cmd/belay/commands/gc.go:63.2,64.16 2 0
github.com/davidparkercodes/belay/cmd/belay/commands/gc.go:64.16,66.3 1 0
github.com/davidparkercodes/belay/cmd/belay/commands/gc.go:67.2,70.16 3 0
github.com/davidparkercodes/belay/cmd/belay/commands/gc.go:70.16,72.3 1 0
github.com/davidparkercodes/belay/cmd/belay/commands/gc.go:73.2,77.13 3 0
github.com/davidparkercodes/belay/cmd/belay/commands/gc.go:77.13,79.13 1 0
github.com/davidparkercodes/belay/cmd/belay/commands/gc.go:79.13,82.4 2 0
github.com/davidparkercodes/belay/cmd/belay/commands/gc.go:82.9,84.4 1 0
github.com/davidparkercodes/belay/cmd/belay/commands/gc.go:86.3,88.21 3 0
github.com/davidparkercodes/belay/cmd/belay/commands/gc.go:88.21,90.4 1 0
github.com/davidparkercodes/belay/cmd/belay/commands/gc.go:91.3,93.18 2 0
github.com/davidparkercodes/belay/cmd/belay/commands/gc.go:93.18,99.33 6 0
github.com/davidparkercodes/belay/cmd/belay/commands/gc.go:99.33,101.5 1 0
github.com/davidparkercodes/belay/cmd/belay/commands/gc.go:102.4,102.41 1 0
github.com/davidparkercodes/belay/cmd/belay/commands/gc.go:102.41,104.55 2 0
github.com/davidparkercodes/belay/cmd/belay/commands/gc.go:104.55,105.19 1 0
github.com/davidparkercodes/belay/cmd/belay/commands/gc.go:105.19,107.7 1 0
github.com/davidparkercodes/belay/cmd/belay/commands/gc.go:111.8,113.13 1 0
github.com/davidparkercodes/belay/cmd/belay/commands/gc.go:113.13,116.4 2 0
github.com/davidparkercodes/belay/cmd/belay/commands/gc.go:116.9,118.4 1 0
github.com/davidparkercodes/belay/cmd/belay/commands/gc.go:120.3,121.19 2 0
github.com/davidparkercodes/belay/cmd/belay/commands/gc.go:121.19,123.4 1 0
github.com/davidparkercodes/belay/cmd/belay/commands/gc.go:124.3,126.18 2 0
github.com/davidparkercodes/belay/cmd/belay/commands/gc.go:126.18,130.14 3 0
github.com/davidparkercodes/belay/cmd/belay/commands/gc.go:130.14,131.35 1 0
github.com/davidparkercodes/belay/cmd/belay/commands/gc.go:131.35,134.6 2 0
github.com/davidparkercodes/belay/cmd/belay/commands/gc.go:134.11,136.6 1 0
github.com/davidparkercodes/belay/cmd/belay/commands/gc.go:137.10,138.35 1 0
github.com/davidparkercodes/belay/cmd/belay/commands/gc.go:138.35,140.6 1 0
github.com/davidparkercodes/belay/cmd/belay/commands/gc.go:140.11,142.6 1 0
github.com/davidparkercodes/belay/cmd/belay/commands/gc.go:147.2,147.16 1 0
github.com/davidparkercodes/belay/cmd/belay/commands/gc.go:147.16,151.3 3 0
github.com/davidparkercodes/belay/cmd/belay/commands/gc.go:153.2,153.12 1 0
github.com/davidparkercodes/belay/cmd/belay/commands/gc.go:153.12,155.3 1 0
github.com/davidparkercodes/belay/cmd/belay/commands/gc.go:155.8,157.3 1 0
github.com/davidparkercodes/belay/cmd/belay/commands/gc.go:159.2,159.12 1 0
github.com/davidparkercodes/belay/cmd/belay/commands/gc.go:163.34,169.9 2 1
github.com/davidparkercodes/belay/cmd/belay/commands/gc.go:170.15,171.56 1 1
github.com/davidparkercodes/belay/cmd/belay/commands/gc.go:172.15,173.56 1 1
github.com/davidparkercodes/belay/cmd/belay/commands/gc.go:174.15,175.56 1 1
github.com/davidparkercodes/belay/cmd/belay/commands/gc.go:176.10,177.36 1 1
github.com/davidparkercodes/belay/cmd/belay/commands/githooks.go:11.38,28.2 3 1
github.com/davidparkercodes/belay/cmd/belay/commands/githooks.go:30.45,36.2 1 1
github.com/davidparkercodes/belay/cmd/belay/commands/githooks.go:38.44,44.2 1 1
github.com/davidparkercodes/belay/cmd/belay/commands/githooks.go:46.44,52.2 1 1
github.com/davidparkercodes/belay/cmd/belay/commands/githooks.go:54.66,56.16 2 0
github.com/davidparkercodes/belay/cmd/belay/commands/githooks.go:56.16,58.3 1 0
github.com/davidparkercodes/belay/cmd/belay/commands/githooks.go:60.2,60.25 1 0
github.com/davidparkercodes/belay/cmd/belay/commands/githooks.go:60.25,63.3 2 0
github.com/davidparkercodes/belay/cmd/belay/commands/githooks.go:65.2,73.33 4 0
github.com/davidparkercodes/belay/cmd/belay/commands/githooks.go:73.33,75.3 1 0
github.com/davidparkercodes/belay/cmd/belay/commands/githooks.go:77.2,77.12 1 0
github.com/davidparkercodes/belay/cmd/belay/commands/githooks.go:80.65,82.16 2 0
github.com/davidparkercodes/belay/cmd/belay/commands/githooks.go:82.16,84.3 1 0
github.com/davidparkercodes/belay/cmd/belay/commands/githooks.go:86.2,86.23 1 0
github.com/davidparkercodes/belay/cmd/belay/commands/githooks.go:86.23,89.3 2 0
github.com/davidparkercodes/belay/cmd/belay/commands/githooks.go:91.2,99.31 4 0
github.com/davidparkercodes/belay/cmd/belay/commands/githooks.go:99.31,101.3 1 0
github.com/davidparkercodes/belay/cmd/belay/commands/githooks.go:103.2,103.12 1 0
github.com/davidparkercodes/belay/cmd/belay/commands/githooks.go:106.65,108.16 2 0
github.com/davidparkercodes/belay/cmd/belay/commands/githooks.go:108.16,110.3 1 0
github.com/davidparkercodes/belay/cmd/belay/commands/githooks.go:112.2,118.29 3 0
github.com/davidparkercodes/belay/cmd/belay/commands/githooks.go:118.29,119.18 1 0
github.com/davidparkercodes/belay/cmd/belay/commands/githooks.go:119.18,121.4 1 0
github.com/davidparkercodes/belay/cmd/belay/commands/githooks.go:121.9,123.4 1 0
github.com/davidparkercodes/belay/cmd/belay/commands/githooks.go:126.2,126.12 1 0
github.com/davidparkercodes/belay/cmd/belay/commands/hook.go:13.34,29.2 3 1
github.com/davidparkercodes/belay/cmd/belay/commands/hook.go:31.38,47.2 1 1
github.com/davidparkercodes/belay/cmd/belay/commands/hook.go:49.59,54.16 3 0
github.com/davidparkercodes/belay/cmd/belay/commands/hook.go:54.16,56.3 1 0
github.com/davidparkercodes/belay/cmd/belay/commands/hook.go:57.2,58.16 2 0
github.com/davidparkercodes/belay/cmd/belay/commands/hook.go:58.16,60.3 1 0
github.com/davidparkercodes/belay/cmd/belay/commands/hook.go:62.2,62.15 1 0
github.com/davidparkercodes/belay/cmd/belay/commands/hook.go:63.13,64.30 1 0
github.com/davidparkercodes/belay/cmd/belay/commands/hook.go:65.14,66.31 1 0
github.com/davidparkercodes/belay/cmd/belay/commands/hook.go:67.10,68.75 1 0
github.com/davidparkercodes/belay/cmd/belay/commands/hook.go:71.2,71.12 1 0
github.com/davidparkercodes/belay/cmd/belay/commands/hook.go:74.41,82.2 1 1
github.com/davidparkercodes/belay/cmd/belay/commands/hook.go:84.62,91.18 4 0
github.com/davidparkercodes/belay/cmd/belay/commands/hook.go:91.18,92.54 1 0
github.com/davidparkercodes/belay/cmd/belay/commands/hook.go:92.54,93.60 1 0
github.com/davidparkercodes/belay/cmd/belay/commands/hook.go:93.60,96.5 2 0
github.com/davidparkercodes/belay/cmd/belay/commands/hook.go:100.2,105.12 5 0
github.com/davidparkercodes/belay/cmd/belay/commands/hook.go:108.27,110.41 2 0
github.com/davidparkercodes/belay/cmd/belay/commands/hook.go:110.41,112.3 1 0
github.com/davidparkercodes/belay/cmd/belay/commands/hook.go:113.2,113.42 1 0
github.com/davidparkercodes/belay/cmd/belay/commands/hook.go:113.42,115.3 1 0
github.com/davidparkercodes/belay/cmd/belay/commands/hook.go:117.2,117.30 1 0
github.com/davidparkercodes/belay/cmd/belay/commands/hook.go:117.30,119.3 1 0
github.com/davidparkercodes/belay/cmd/belay/commands/hook.go:120.2,120.15 1 0
github.com/davidparkercodes/belay/cmd/belay/commands/hook.go:123.39,125.16 2 0
github.com/davidparkercodes/belay/cmd/belay/commands/hook.go:125.16,127.3 1 0
github.com/davidparkercodes/belay/cmd/belay/commands/hook.go:128.2,128.15 1 0
github.com/davidparkercodes/belay/cmd/belay/commands/hook.go:129.13,130.39 1 0
github.com/davidparkercodes/belay/cmd/belay/commands/hook.go:131.14,132.40 1 0
github.com/davidparkercodes/belay/cmd/belay/commands/hook.go:133.10,134.41 1 0
github.com/davidparkercodes/belay/cmd/belay/commands/hook.go:141.42,180.2 1 0
github.com/davidparkercodes/belay/cmd/belay/commands/hook.go:183.43,233.2 1 0
github.com/davidparkercodes/belay/cmd/belay/commands/init.go:29.34,48.2 4 1
github.com/davidparkercodes/belay/cmd/belay/commands/init.go:50.59,87.27 3 1
github.com/davidparkercodes/belay/cmd/belay/commands/init.go:87.27,88.45 1 1
github.com/davidparkercodes/belay/cmd/belay/commands/init.go:88.45,89.73 1 1
github.com/davidparkercodes/belay/cmd/belay/commands/init.go:89.73,91.10 2 1
github.com/davidparkercodes/belay/cmd/belay/commands/init.go:96.2,96.14 1 1
github.com/davidparkercodes/belay/cmd/belay/commands/init.go:99.74,134.20 27 1
github.com/davidparkercodes/belay/cmd/belay/commands/init.go:134.20,135.28 1 1
github.com/davidparkercodes/belay/cmd/belay/commands/init.go:135.28,136.20 1 1
github.com/davidparkercodes/belay/cmd/belay/commands/init.go:136.20,137.13 1 1
github.com/davidparkercodes/belay/cmd/belay/commands/init.go:139.4,140.40 2 1
github.com/davidparkercodes/belay/cmd/belay/commands/init.go:140.40,142.5 1 1
github.com/davidparkercodes/belay/cmd/belay/commands/init.go:143.4,143.23 1 1
github.com/davidparkercodes/belay/cmd/belay/commands/init.go:147.2,147.19 1 1
github.com/davidparkercodes/belay/cmd/belay/commands/init.go:150.54,152.27 2 1
github.com/davidparkercodes/belay/cmd/belay/commands/init.go:152.27,153.18 1 1
github.com/davidparkercodes/belay/cmd/belay/commands/init.go:153.18,155.4 1 1
github.com/davidparkercodes/belay/cmd/belay/commands/init.go:157.2,157.14 1 1
github.com/davidparkercodes/belay/cmd/belay/commands/init.go:160.46,162.52 2 1
github.com/davidparkercodes/belay/cmd/belay/commands/init.go:162.52,164.50 2 1
github.com/davidparkercodes/belay/cmd/belay/commands/init.go:164.50,166.4 1 1
github.com/davidparkercodes/belay/cmd/belay/commands/init.go:168.2,168.14 1 1
github.com/davidparkercodes/belay/cmd/belay/commands/init.go:171.28,173.17 2 1
github.com/davidparkercodes/belay/cmd/belay/commands/init.go:173.17,174.32 1 0
github.com/davidparkercodes/belay/cmd/belay/commands/init.go:174.32,176.4 1 0
github.com/davidparkercodes/belay/cmd/belay/commands/init.go:177.3,177.16 1 0
github.com/davidparkercodes/belay/cmd/belay/commands/init.go:179.2,179.29 1 1
github.com/davidparkercodes/belay/cmd/belay/commands/init.go:191.34,210.2 8 1
github.com/davidparkercodes/belay/cmd/belay/commands/init.go:212.75,231.12 8 1
github.com/davidparkercodes/belay/cmd/belay/commands/init.go:231.12,235.3 1 1
github.com/davidparkercodes/belay/cmd/belay/commands/init.go:237.2,237.23 1 1
github.com/davidparkercodes/belay/cmd/belay/commands/init.go:237.23,241.3 1 1
github.com/davidparkercodes/belay/cmd/belay/commands/init.go:241.8,245.3 1 1
github.com/davidparkercodes/belay/cmd/belay/commands/init.go:247.2,252.15 4 1
github.com/davidparkercodes/belay/cmd/belay/commands/init.go:255.44,267.13 4 1
github.com/davidparkercodes/belay/cmd/belay/commands/init.go:267.13,269.3 1 1
github.com/davidparkercodes/belay/cmd/belay/commands/init.go:269.8,271.3 1 0
github.com/davidparkercodes/belay/cmd/belay/commands/init.go:274.44,286.2 4 1
github.com/davidparkercodes/belay/cmd/belay/commands/init.go:288.28,297.2 3 1
github.com/davidparkercodes/belay/cmd/belay/commands/init.go:299.31,304.2 2 1
github.com/davidparkercodes/belay/cmd/belay/commands/init.go:306.55,311.16 4 1
github.com/davidparkercodes/belay/cmd/belay/commands/init.go:311.16,313.3 1 0
github.com/davidparkercodes/belay/cmd/belay/commands/init.go:315.2,319.75 3 1
github.com/davidparkercodes/belay/cmd/belay/commands/init.go:319.75,333.3 7 1
github.com/davidparkercodes/belay/cmd/belay/commands/init.go:335.2,340.70 5 1
github.com/davidparkercodes/belay/cmd/belay/commands/init.go:340.70,342.3 1 1
github.com/davidparkercodes/belay/cmd/belay/commands/init.go:344.2,352.21 7 1
github.com/davidparkercodes/belay/cmd/belay/commands/init.go:352.21,354.24 2 0
github.com/davidparkercodes/belay/cmd/belay/commands/init.go:354.24,356.4 1 0
github.com/davidparkercodes/belay/cmd/belay/commands/init.go:356.9,358.4 1 0
github.com/davidparkercodes/belay/cmd/belay/commands/init.go:360.3,380.13 2 0
github.com/davidparkercodes/belay/cmd/belay/commands/init.go:380.13,388.4 1 0
github.com/davidparkercodes/belay/cmd/belay/commands/init.go:390.3,395.17 3 0
github.com/davidparkercodes/belay/cmd/belay/commands/init.go:395.17,397.4 1 0
github.com/davidparkercodes/belay/cmd/belay/commands/init.go:400.2,412.27 5 1
github.com/davidparkercodes/belay/cmd/belay/commands/init.go:412.27,413.48 1 1
github.com/davidparkercodes/belay/cmd/belay/commands/init.go:413.48,415.4 1 0
github.com/davidparkercodes/belay/cmd/belay/commands/init.go:417.2,421.84 4 1
github.com/davidparkercodes/belay/cmd/belay/commands/init.go:421.84,423.3 1 0
github.com/davidparkercodes/belay/cmd/belay/commands/init.go:424.2,429.55 5 1
github.com/davidparkercodes/belay/cmd/belay/commands/init.go:429.55,430.79 1 1
github.com/davidparkercodes/belay/cmd/belay/commands/init.go:430.79,432.4 1 0
github.com/davidparkercodes/belay/cmd/belay/commands/init.go:433.3,435.7 1 1
github.com/davidparkercodes/belay/cmd/belay/commands/init.go:436.8,438.3 1 1
github.com/davidparkercodes/belay/cmd/belay/commands/init.go:440.2,440.12 1 1
github.com/davidparkercodes/belay/cmd/belay/commands/init.go:440.12,441.70 1 1
github.com/davidparkercodes/belay/cmd/belay/commands/init.go:441.70,443.4 1 0
github.com/davidparkercodes/belay/cmd/belay/commands/init.go:443.9,445.4 1 1
github.com/davidparkercodes/belay/cmd/belay/commands/init.go:448.2,448.21 1 1
github.com/davidparkercodes/belay/cmd/belay/commands/init.go:448.21,450.19 2 1
github.com/davidparkercodes/belay/cmd/belay/commands/init.go:450.19,452.4 1 0
github.com/davidparkercodes/belay/cmd/belay/commands/init.go:452.9,452.32 1 1
github.com/davidparkercodes/belay/cmd/belay/commands/init.go:452.32,454.4 1 1
github.com/davidparkercodes/belay/cmd/belay/commands/init.go:457.2,458.21 2 1
github.com/davidparkercodes/belay/cmd/belay/commands/init.go:458.21,460.3 1 0
github.com/davidparkercodes/belay/cmd/belay/commands/init.go:460.8,462.3 1 1
github.com/davidparkercodes/belay/cmd/belay/commands/init.go:464.2,474.21 6 1
github.com/davidparkercodes/belay/cmd/belay/commands/init.go:474.21,478.3 3 1
github.com/davidparkercodes/belay/cmd/belay/commands/init.go:480.2,480.27 1 1
github.com/davidparkercodes/belay/cmd/belay/commands/init.go:480.27,484.3 3 1
github.com/davidparkercodes/belay/cmd/belay/commands/init.go:486.2,486.12 1 1
github.com/davidparkercodes/belay/cmd/belay/commands/init.go:489.34,539.2 1 1
github.com/davidparkercodes/belay/cmd/belay/commands/init.go:541.60,545.39 3 1
github.com/davidparkercodes/belay/cmd/belay/commands/init.go:545.39,547.3 1 0
github.com/davidparkercodes/belay/cmd/belay/commands/init.go:549.2,550.41 2 1
github.com/davidparkercodes/belay/cmd/belay/commands/init.go:550.41,551.20 1 1
github.com/davidparkercodes/belay/cmd/belay/commands/init.go:551.20,553.4 1 1
github.com/davidparkercodes/belay/cmd/belay/commands/init.go:556.2,557.16 2 1
github.com/davidparkercodes/belay/cmd/belay/commands/init.go:557.16,559.3 1 0
github.com/davidparkercodes/belay/cmd/belay/commands/init.go:560.2,562.57 2 1
github.com/davidparkercodes/belay/cmd/belay/commands/init.go:562.57,563.48 1 1
github.com/davidparkercodes/belay/cmd/belay/commands/init.go:563.48,565.4 1 0
github.com/davidparkercodes/belay/cmd/belay/commands/init.go:568.2,569.12 2 1
github.com/davidparkercodes/belay/cmd/belay/commands/init.go:572.36,575.30 3 1
github.com/davidparkercodes/belay/cmd/belay/commands/init.go:575.30,576.19 1 1
github.com/davidparkercodes/belay/cmd/belay/commands/init.go:576.19,579.4 2 1
github.com/davidparkercodes/belay/cmd/belay/commands/init.go:581.2,581.20 1 1
github.com/davidparkercodes/belay/cmd/belay/commands/init.go:581.20,583.3 1 1
github.com/davidparkercodes/belay/cmd/belay/commands/init.go:584.2,584.14 1 1
github.com/davidparkercodes/belay/cmd/belay/commands/log.go:17.33,35.2 9 1
github.com/davidparkercodes/belay/cmd/belay/commands/log.go:37.54,47.16 9 0
github.com/davidparkercodes/belay/cmd/belay/commands/log.go:47.16,49.3 1 0
github.com/davidparkercodes/belay/cmd/belay/commands/log.go:51.2,52.16 2 0
github.com/davidparkercodes/belay/cmd/belay/commands/log.go:52.16,54.3 1 0
github.com/davidparkercodes/belay/cmd/belay/commands/log.go:56.2,57.16 2 0
github.com/davidparkercodes/belay/cmd/belay/commands/log.go:57.16,59.3 1 0
github.com/davidparkercodes/belay/cmd/belay/commands/log.go:60.2,67.25 3 0
github.com/davidparkercodes/belay/cmd/belay/commands/log.go:67.25,69.3 1 0
github.com/davidparkercodes/belay/cmd/belay/commands/log.go:70.2,70.22 1 0
github.com/davidparkercodes/belay/cmd/belay/commands/log.go:70.22,72.3 1 0
github.com/davidparkercodes/belay/cmd/belay/commands/log.go:73.2,73.20 1 0
github.com/davidparkercodes/belay/cmd/belay/commands/log.go:73.20,75.3 1 0
github.com/davidparkercodes/belay/cmd/belay/commands/log.go:76.2,76.20 1 0
github.com/davidparkercodes/belay/cmd/belay/commands/log.go:76.20,78.17 2 0
github.com/davidparkercodes/belay/cmd/belay/commands/log.go:78.17,80.4 1 0
github.com/davidparkercodes/belay/cmd/belay/commands/log.go:81.3,81.25 1 0
github.com/davidparkercodes/belay/cmd/belay/commands/log.go:83.2,83.20 1 0
github.com/davidparkercodes/belay/cmd/belay/commands/log.go:83.20,85.17 2 0
github.com/davidparkercodes/belay/cmd/belay/commands/log.go:85.17,87.4 1 0
github.com/davidparkercodes/belay/cmd/belay/commands/log.go:88.3,88.25 1 0
github.com/davidparkercodes/belay/cmd/belay/commands/log.go:91.2,92.16 2 0
github.com/davidparkercodes/belay/cmd/belay/commands/log.go:92.16,94.3 1 0
github.com/davidparkercodes/belay/cmd/belay/commands/log.go:96.2,96.22 1 0
github.com/davidparkercodes/belay/cmd/belay/commands/log.go:96.22,99.3 2 0
github.com/davidparkercodes/belay/cmd/belay/commands/log.go:101.2,101.16 1 0
github.com/davidparkercodes/belay/cmd/belay/commands/log.go:101.16,103.28 2 0
github.com/davidparkercodes/belay/cmd/belay/commands/log.go:103.28,105.4 1 0
github.com/davidparkercodes/belay/cmd/belay/commands/log.go:106.3,108.32 3 0
github.com/davidparkercodes/belay/cmd/belay/commands/log.go:111.2,111.27 1 0
github.com/davidparkercodes/belay/cmd/belay/commands/log.go:111.27,115.24 3 0
github.com/davidparkercodes/belay/cmd/belay/commands/log.go:115.24,118.21 3 0
github.com/davidparkercodes/belay/cmd/belay/commands/log.go:118.21,120.5 1 0
github.com/davidparkercodes/belay/cmd/belay/commands/log.go:121.4,121.61 1 0
github.com/davidparkercodes/belay/cmd/belay/commands/log.go:124.3,127.24 3 0
github.com/davidparkercodes/belay/cmd/belay/commands/log.go:127.24,129.4 1 0
github.com/davidparkercodes/belay/cmd/belay/commands/log.go:131.3,132.19 2 0
github.com/davidparkercodes/belay/cmd/belay/commands/log.go:132.19,134.4 1 0
github.com/davidparkercodes/belay/cmd/belay/commands/log.go:136.3,137.60 1 0
github.com/davidparkercodes/belay/cmd/belay/commands/log.go:140.2,143.12 3 0
github.com/davidparkercodes/belay/cmd/belay/commands/log.go:146.53,148.13 2 1
github.com/davidparkercodes/belay/cmd/belay/commands/log.go:148.13,150.3 1 1
github.com/davidparkercodes/belay/cmd/belay/commands/log.go:152.2,157.4 1 1
github.com/davidparkercodes/belay/cmd/belay/commands/log.go:157.4,158.50 1 1
github.com/davidparkercodes/belay/cmd/belay/commands/log.go:158.50,160.4 1 1
github.com/davidparkercodes/belay/cmd/belay/commands/log.go:163.2,163.16 1 1
github.com/davidparkercodes/belay/cmd/belay/commands/log.go:163.16,165.3 1 1
github.com/davidparkercodes/belay/cmd/belay/commands/log.go:167.2,171.58 4 1
github.com/davidparkercodes/belay/cmd/belay/commands/log.go:171.58,173.3 1 1
github.com/davidparkercodes/belay/cmd/belay/commands/log.go:175.2,176.14 2 1
github.com/davidparkercodes/belay/cmd/belay/commands/log.go:177.11,178.48 1 1
github.com/davidparkercodes/belay/cmd/belay/commands/log.go:179.11,180.48 1 1
github.com/davidparkercodes/belay/cmd/belay/commands/log.go:181.11,182.46 1 1
github.com/davidparkercodes/belay/cmd/belay/commands/log.go:183.11,184.51 1 1
github.com/davidparkercodes/belay/cmd/belay/commands/log.go:185.11,186.55 1 1
github.com/davidparkercodes/belay/cmd/belay/commands/log.go:187.10,188.84 1 1
github.com/davidparkercodes/belay/cmd/belay/commands/log.go:191.2,191.32 1 1
github.com/davidparkercodes/belay/cmd/belay/commands/log.go:194.44,199.2 4 1
github.com/davidparkercodes/belay/cmd/belay/commands/log.go:201.32,202.12 1 1
github.com/davidparkercodes/belay/cmd/belay/commands/log.go:203.16,204.33 1 1
github.com/davidparkercodes/belay/cmd/belay/commands/log.go:205.16,206.33 1 1
github.com/davidparkercodes/belay/cmd/belay/commands/log.go:207.16,208.33 1 1
github.com/davidparkercodes/belay/cmd/belay/commands/log.go:209.16,210.33 1 1
github.com/davidparkercodes/belay/cmd/belay/commands/log.go:211.10,212.12 1 1
github.com/davidparkercodes/belay/cmd/belay/commands/rebuild.go:16.42,41.2 3 1
github.com/davidparkercodes/belay/cmd/belay/commands/rebuild.go:43.63,47.16 3 0
github.com/davidparkercodes/belay/cmd/belay/commands/rebuild.go:47.16,49.3 1 0
github.com/davidparkercodes/belay/cmd/belay/commands/rebuild.go:51.2,52.16 2 0
github.com/davidparkercodes/belay/cmd/belay/commands/rebuild.go:52.16,54.3 1 0
github.com/davidparkercodes/belay/cmd/belay/commands/rebuild.go:57.2,57.52 1 0
github.com/davidparkercodes/belay/cmd/belay/commands/rebuild.go:57.52,59.3 1 0
github.com/davidparkercodes/belay/cmd/belay/commands/rebuild.go:61.2,65.14 2 0
github.com/davidparkercodes/belay/cmd/belay/commands/rebuild.go:65.14,66.47 1 0
github.com/davidparkercodes/belay/cmd/belay/commands/rebuild.go:66.47,71.4 4 0
github.com/davidparkercodes/belay/cmd/belay/commands/rebuild.go:74.2,79.16 4 0
github.com/davidparkercodes/belay/cmd/belay/commands/rebuild.go:79.16,81.3 1 0
github.com/davidparkercodes/belay/cmd/belay/commands/rebuild.go:83.2,89.33 7 0
github.com/davidparkercodes/belay/cmd/belay/commands/rebuild.go:89.33,91.3 1 0
github.com/davidparkercodes/belay/cmd/belay/commands/rebuild.go:92.2,96.12 4 0
github.com/davidparkercodes/belay/cmd/belay/commands/record.go:20.36,42.2 5 1
github.com/davidparkercodes/belay/cmd/belay/commands/record.go:51.57,58.16 6 0
github.com/davidparkercodes/belay/cmd/belay/commands/record.go:58.16,60.3 1 0
github.com/davidparkercodes/belay/cmd/belay/commands/record.go:62.2,63.16 2 0
github.com/davidparkercodes/belay/cmd/belay/commands/record.go:63.16,65.3 1 0
github.com/davidparkercodes/belay/cmd/belay/commands/record.go:67.2,67.30 1 0
github.com/davidparkercodes/belay/cmd/belay/commands/record.go:67.30,69.17 2 0
github.com/davidparkercodes/belay/cmd/belay/commands/record.go:69.17,71.4 1 0
github.com/davidparkercodes/belay/cmd/belay/commands/record.go:72.3,72.17 1 0
github.com/davidparkercodes/belay/cmd/belay/commands/record.go:75.2,76.15 2 0
github.com/davidparkercodes/belay/cmd/belay/commands/record.go:76.15,78.3 1 0
github.com/davidparkercodes/belay/cmd/belay/commands/record.go:80.2,87.49 2 0
github.com/davidparkercodes/belay/cmd/belay/commands/record.go:87.49,89.3 1 0
github.com/davidparkercodes/belay/cmd/belay/commands/record.go:91.2,92.68 2 0
github.com/davidparkercodes/belay/cmd/belay/commands/record.go:95.55,97.16 2 0
github.com/davidparkercodes/belay/cmd/belay/commands/record.go:97.16,99.3 1 0
github.com/davidparkercodes/belay/cmd/belay/commands/record.go:101.2,105.16 4 0
github.com/davidparkercodes/belay/cmd/belay/commands/record.go:105.16,107.3 1 0
github.com/davidparkercodes/belay/cmd/belay/commands/record.go:108.2,110.38 2 0
github.com/davidparkercodes/belay/cmd/belay/commands/record.go:110.38,114.3 3 0
github.com/davidparkercodes/belay/cmd/belay/commands/record.go:116.2,116.12 1 0
github.com/davidparkercodes/belay/cmd/belay/commands/record.go:119.94,121.16 2 0
github.com/davidparkercodes/belay/cmd/belay/commands/record.go:121.16,123.3 1 0
github.com/davidparkercodes/belay/cmd/belay/commands/record.go:125.2,138.21 3 0
github.com/davidparkercodes/belay/cmd/belay/commands/record.go:138.21,140.3 1 0
github.com/davidparkercodes/belay/cmd/belay/commands/record.go:141.2,141.20 1 0
github.com/davidparkercodes/belay/cmd/belay/commands/record.go:141.20,143.3 1 0
github.com/davidparkercodes/belay/cmd/belay/commands/record.go:144.2,146.27 2 0
github.com/davidparkercodes/belay/cmd/belay/commands/record.go:146.27,148.17 2 0
github.com/davidparkercodes/belay/cmd/belay/commands/record.go:148.17,150.4 1 0
github.com/davidparkercodes/belay/cmd/belay/commands/record.go:152.3,153.17 2 0
github.com/davidparkercodes/belay/cmd/belay/commands/record.go:153.17,155.4 1 0
github.com/davidparkercodes/belay/cmd/belay/commands/record.go:156.3,159.17 3 0
github.com/davidparkercodes/belay/cmd/belay/commands/record.go:159.17,161.4 1 0
github.com/davidparkercodes/belay/cmd/belay/commands/record.go:162.3,163.27 2 0
github.com/davidparkercodes/belay/cmd/belay/commands/record.go:166.2,167.16 2 0
github.com/davidparkercodes/belay/cmd/belay/commands/record.go:167.16,169.3 1 0
github.com/davidparkercodes/belay/cmd/belay/commands/record.go:170.2,172.48 2 0
github.com/davidparkercodes/belay/cmd/belay/commands/record.go:172.48,174.3 1 0
github.com/davidparkercodes/belay/cmd/belay/commands/record.go:176.2,176.12 1 0
github.com/davidparkercodes/belay/cmd/belay/commands/replay.go:17.36,36.2 7 1
github.com/davidparkercodes/belay/cmd/belay/commands/replay.go:38.57,47.16 8 0
github.com/davidparkercodes/belay/cmd/belay/commands/replay.go:47.16,49.3 1 0
github.com/davidparkercodes/belay/cmd/belay/commands/replay.go:51.2,52.16 2 0
github.com/davidparkercodes/belay/cmd/belay/commands/replay.go:52.16,54.3 1 0
github.com/davidparkercodes/belay/cmd/belay/commands/replay.go:56.2,57.16 2 0
github.com/davidparkercodes/belay/cmd/belay/commands/replay.go:57.16,59.3 1 0
github.com/davidparkercodes/belay/cmd/belay/commands/replay.go:60.2,63.16 3 0
github.com/davidparkercodes/belay/cmd/belay/commands/replay.go:63.16,65.3 1 0
github.com/davidparkercodes/belay/cmd/belay/commands/replay.go:66.2,72.16 3 0
github.com/davidparkercodes/belay/cmd/belay/commands/replay.go:72.16,74.3 1 0
github.com/davidparkercodes/belay/cmd/belay/commands/replay.go:76.2,76.22 1 0
github.com/davidparkercodes/belay/cmd/belay/commands/replay.go:76.22,78.3 1 0
github.com/davidparkercodes/belay/cmd/belay/commands/replay.go:80.2,92.27 4 0
github.com/davidparkercodes/belay/cmd/belay/commands/replay.go:92.27,94.14 2 0
github.com/davidparkercodes/belay/cmd/belay/commands/replay.go:94.14,101.4 3 0
github.com/davidparkercodes/belay/cmd/belay/commands/replay.go:102.3,106.10 4 0
github.com/davidparkercodes/belay/cmd/belay/commands/replay.go:107.34,108.23 1 0
github.com/davidparkercodes/belay/cmd/belay/commands/replay.go:109.54,110.23 1 0
github.com/davidparkercodes/belay/cmd/belay/commands/replay.go:111.11,112.28 1 0
github.com/davidparkercodes/belay/cmd/belay/commands/replay.go:112.28,114.5 1 0
github.com/davidparkercodes/belay/cmd/belay/commands/replay.go:118.2,118.30 1 0
github.com/davidparkercodes/belay/cmd/belay/commands/replay.go:118.30,119.47 1 0
github.com/davidparkercodes/belay/cmd/belay/commands/replay.go:119.47,121.4 1 0
github.com/davidparkercodes/belay/cmd/belay/commands/replay.go:124.2,124.16 1 0
github.com/davidparkercodes/belay/cmd/belay/commands/replay.go:124.16,126.34 2 0
github.com/davidparkercodes/belay/cmd/belay/commands/replay.go:126.34,127.33 1 0
github.com/davidparkercodes/belay/cmd/belay/commands/replay.go:127.33,129.5 1 0
github.com/davidparkercodes/belay/cmd/belay/commands/replay.go:131.3,138.28 4 0
github.com/davidparkercodes/belay/cmd/belay/commands/replay.go:141.2,142.27 2 0
github.com/davidparkercodes/belay/cmd/belay/commands/replay.go:142.27,143.19 1 0
github.com/davidparkercodes/belay/cmd/belay/commands/replay.go:144.17,145.13 1 0
github.com/davidparkercodes/belay/cmd/belay/commands/replay.go:146.17,147.14 1 0
github.com/davidparkercodes/belay/cmd/belay/commands/replay.go:148.17,149.13 1 0
github.com/davidparkercodes/belay/cmd/belay/commands/replay.go:153.2,158.14 4 0
github.com/davidparkercodes/belay/cmd/belay/commands/replay.go:158.14,159.34 1 0
github.com/davidparkercodes/belay/cmd/belay/commands/replay.go:159.34,161.11 2 0
github.com/davidparkercodes/belay/cmd/belay/commands/replay.go:161.11,162.13 1 0
github.com/davidparkercodes/belay/cmd/belay/commands/replay.go:164.4,164.20 1 0
github.com/davidparkercodes/belay/cmd/belay/commands/replay.go:165.18,166.71 1 0
github.com/davidparkercodes/belay/cmd/belay/commands/replay.go:167.18,168.71 1 0
github.com/davidparkercodes/belay/cmd/belay/commands/replay.go:169.18,170.71 1 0
github.com/davidparkercodes/belay/cmd/belay/commands/replay.go:173.3,173.13 1 0
github.com/davidparkercodes/belay/cmd/belay/commands/replay.go:176.2,176.15 1 0
github.com/davidparkercodes/belay/cmd/belay/commands/replay.go:176.15,177.34 1 0
github.com/davidparkercodes/belay/cmd/belay/commands/replay.go:177.34,179.11 2 0
github.com/davidparkercodes/belay/cmd/belay/commands/replay.go:179.11,180.13 1 0
github.com/davidparkercodes/belay/cmd/belay/commands/replay.go:183.4,184.24 2 0
github.com/davidparkercodes/belay/cmd/belay/commands/replay.go:184.24,187.5 2 0
github.com/davidparkercodes/belay/cmd/belay/commands/replay.go:188.4,188.48 1 0
github.com/davidparkercodes/belay/cmd/belay/commands/replay.go:188.48,191.5 2 0
github.com/davidparkercodes/belay/cmd/belay/commands/replay.go:193.4,193.28 1 0
github.com/davidparkercodes/belay/cmd/belay/commands/replay.go:193.28,196.5 2 0
github.com/davidparkercodes/belay/cmd/belay/commands/replay.go:196.10,196.35 1 0
github.com/davidparkercodes/belay/cmd/belay/commands/replay.go:196.35,199.5 2 0
github.com/davidparkercodes/belay/cmd/belay/commands/replay.go:199.10,202.5 2 0
github.com/davidparkercodes/belay/cmd/belay/commands/replay.go:203.4,204.17 2 0
github.com/davidparkercodes/belay/cmd/belay/commands/replay.go:206.3,206.13 1 0
github.com/davidparkercodes/belay/cmd/belay/commands/replay.go:209.2,209.21 1 0
github.com/davidparkercodes/belay/cmd/belay/commands/replay.go:209.21,210.96 1 0
github.com/davidparkercodes/belay/cmd/belay/commands/replay.go:210.96,213.4 2 0
github.com/davidparkercodes/belay/cmd/belay/commands/replay.go:215.3,215.54 1 0
github.com/davidparkercodes/belay/cmd/belay/commands/replay.go:215.54,217.4 1 0
github.com/davidparkercodes/belay/cmd/belay/commands/replay.go:219.3,219.34 1 0
github.com/davidparkercodes/belay/cmd/belay/commands/replay.go:219.34,221.35 2 0
github.com/davidparkercodes/belay/cmd/belay/commands/replay.go:221.35,222.13 1 0
github.com/davidparkercodes/belay/cmd/belay/commands/replay.go:224.4,224.24 1 0
github.com/davidparkercodes/belay/cmd/belay/commands/replay.go:224.24,225.13 1 0
github.com/davidparkercodes/belay/cmd/belay/commands/replay.go:228.4,229.18 2 0
github.com/davidparkercodes/belay/cmd/belay/commands/replay.go:229.18,231.13 2 0
github.com/davidparkercodes/belay/cmd/belay/commands/replay.go:234.4,237.22 3 0
github.com/davidparkercodes/belay/cmd/belay/commands/replay.go:237.22,240.5 1 0
github.com/davidparkercodes/belay/cmd/belay/commands/replay.go:241.4,242.22 2 0
github.com/davidparkercodes/belay/cmd/belay/commands/replay.go:242.22,244.5 1 0
github.com/davidparkercodes/belay/cmd/belay/commands/replay.go:245.4,245.107 1 0
github.com/davidparkercodes/belay/cmd/belay/commands/replay.go:245.107,247.13 2 0
github.com/davidparkercodes/belay/cmd/belay/commands/replay.go:249.4,250.60 2 0
github.com/davidparkercodes/belay/cmd/belay/commands/replay.go:250.60,252.13 2 0
github.com/davidparkercodes/belay/cmd/belay/commands/replay.go:254.4,254.71 1 0
github.com/davidparkercodes/belay/cmd/belay/commands/replay.go:256.3,257.13 2 0
github.com/davidparkercodes/belay/cmd/belay/commands/replay.go:260.2,260.33 1 0
github.com/davidparkercodes/belay/cmd/belay/commands/replay.go:260.33,262.10 2 0
github.com/davidparkercodes/belay/cmd/belay/commands/replay.go:262.10,263.12 1 0
github.com/davidparkercodes/belay/cmd/belay/commands/replay.go:265.3,265.19 1 0
github.com/davidparkercodes/belay/cmd/belay/commands/replay.go:266.17,267.70 1 0
github.com/davidparkercodes/belay/cmd/belay/commands/replay.go:268.17,269.70 1 0
github.com/davidparkercodes/belay/cmd/belay/commands/replay.go:270.17,271.70 1 0
github.com/davidparkercodes/belay/cmd/belay/commands/replay.go:275.2,275.12 1 0
github.com/davidparkercodes/belay/cmd/belay/commands/restore.go:17.37,35.2 7 1
github.com/davidparkercodes/belay/cmd/belay/commands/restore.go:37.58,47.16 8 0
github.com/davidparkercodes/belay/cmd/belay/commands/restore.go:47.16,49.3 1 0
github.com/davidparkercodes/belay/cmd/belay/commands/restore.go:51.2,52.16 2 0
github.com/davidparkercodes/belay/cmd/belay/commands/restore.go:52.16,54.3 1 0
github.com/davidparkercodes/belay/cmd/belay/commands/restore.go:56.2,57.16 2 0
github.com/davidparkercodes/belay/cmd/belay/commands/restore.go:57.16,59.3 1 0
github.com/davidparkercodes/belay/cmd/belay/commands/restore.go:60.2,63.16 3 0
github.com/davidparkercodes/belay/cmd/belay/commands/restore.go:63.16,65.3 1 0
github.com/davidparkercodes/belay/cmd/belay/commands/restore.go:66.2,70.19 3 0
github.com/davidparkercodes/belay/cmd/belay/commands/restore.go:70.19,72.17 2 0
github.com/davidparkercodes/belay/cmd/belay/commands/restore.go:72.17,74.4 1 0
github.com/davidparkercodes/belay/cmd/belay/commands/restore.go:75.8,75.25 1 0
github.com/davidparkercodes/belay/cmd/belay/commands/restore.go:75.25,77.17 2 0
github.com/davidparkercodes/belay/cmd/belay/commands/restore.go:77.17,79.4 1 0
github.com/davidparkercodes/belay/cmd/belay/commands/restore.go:80.3,86.37 2 0
github.com/davidparkercodes/belay/cmd/belay/commands/restore.go:86.37,88.4 1 0
github.com/davidparkercodes/belay/cmd/belay/commands/restore.go:89.3,89.26 1 0
github.com/davidparkercodes/belay/cmd/belay/commands/restore.go:90.8,90.28 1 0
github.com/davidparkercodes/belay/cmd/belay/commands/restore.go:90.28,97.37 2 0
github.com/davidparkercodes/belay/cmd/belay/commands/restore.go:97.37,99.4 1 0
github.com/davidparkercodes/belay/cmd/belay/commands/restore.go:100.3,106.43 2 0
github.com/davidparkercodes/belay/cmd/belay/commands/restore.go:106.43,108.4 1 0
github.com/davidparkercodes/belay/cmd/belay/commands/restore.go:109.3,109.32 1 0
github.com/davidparkercodes/belay/cmd/belay/commands/restore.go:110.8,112.17 2 0
github.com/davidparkercodes/belay/cmd/belay/commands/restore.go:112.17,114.4 1 0
github.com/davidparkercodes/belay/cmd/belay/commands/restore.go:117.2,117.39 1 0
github.com/davidparkercodes/belay/cmd/belay/commands/restore.go:117.39,119.3 1 0
github.com/davidparkercodes/belay/cmd/belay/commands/restore.go:121.2,121.35 1 0
github.com/davidparkercodes/belay/cmd/belay/commands/restore.go:121.35,123.3 1 0
github.com/davidparkercodes/belay/cmd/belay/commands/restore.go:125.2,126.16 2 0
github.com/davidparkercodes/belay/cmd/belay/commands/restore.go:126.16,128.3 1 0
github.com/davidparkercodes/belay/cmd/belay/commands/restore.go:130.2,133.16 3 0
github.com/davidparkercodes/belay/cmd/belay/commands/restore.go:133.16,136.3 1 0
github.com/davidparkercodes/belay/cmd/belay/commands/restore.go:137.2,138.16 2 0
github.com/davidparkercodes/belay/cmd/belay/commands/restore.go:138.16,140.3 1 0
github.com/davidparkercodes/belay/cmd/belay/commands/restore.go:141.2,141.95 1 0
github.com/davidparkercodes/belay/cmd/belay/commands/restore.go:141.95,143.3 1 0
github.com/davidparkercodes/belay/cmd/belay/commands/restore.go:145.2,150.33 5 0
github.com/davidparkercodes/belay/cmd/belay/commands/restore.go:150.33,152.3 1 0
github.com/davidparkercodes/belay/cmd/belay/commands/restore.go:154.2,155.20 2 0
github.com/davidparkercodes/belay/cmd/belay/commands/restore.go:155.20,157.45 2 0
github.com/davidparkercodes/belay/cmd/belay/commands/restore.go:157.45,160.4 2 0
github.com/davidparkercodes/belay/cmd/belay/commands/restore.go:161.3,161.104 1 0
github.com/davidparkercodes/belay/cmd/belay/commands/restore.go:162.8,164.3 1 0
github.com/davidparkercodes/belay/cmd/belay/commands/restore.go:166.2,166.12 1 0
github.com/davidparkercodes/belay/cmd/belay/commands/restore.go:166.12,169.3 2 0
github.com/davidparkercodes/belay/cmd/belay/commands/restore.go:171.2,171.87 1 0
github.com/davidparkercodes/belay/cmd/belay/commands/restore.go:171.87,174.3 2 0
github.com/davidparkercodes/belay/cmd/belay/commands/restore.go:176.2,176.20 1 0
github.com/davidparkercodes/belay/cmd/belay/commands/restore.go:176.20,178.22 2 0
github.com/davidparkercodes/belay/cmd/belay/commands/restore.go:178.22,180.4 1 0
github.com/davidparkercodes/belay/cmd/belay/commands/restore.go:183.2,183.65 1 0
github.com/davidparkercodes/belay/cmd/belay/commands/restore.go:183.65,185.3 1 0
github.com/davidparkercodes/belay/cmd/belay/commands/restore.go:187.2,187.61 1 0
github.com/davidparkercodes/belay/cmd/belay/commands/restore.go:187.61,189.3 1 0
github.com/davidparkercodes/belay/cmd/belay/commands/restore.go:191.2,195.12 4 0
github.com/davidparkercodes/belay/cmd/belay/commands/root.go:9.48,46.2 4 1
github.com/davidparkercodes/belay/cmd/belay/commands/safety.go:25.95,26.26 1 1
github.com/davidparkercodes/belay/cmd/belay/commands/safety.go:26.26,28.3 1 1
github.com/davidparkercodes/belay/cmd/belay/commands/safety.go:29.2,29.14 1 1
github.com/davidparkercodes/belay/cmd/belay/commands/safety.go:29.14,31.3 1 1
github.com/davidparkercodes/belay/cmd/belay/commands/safety.go:32.2,32.12 1 1
github.com/davidparkercodes/belay/cmd/belay/commands/sessions.go:15.38,37.2 8 1
github.com/davidparkercodes/belay/cmd/belay/commands/sessions.go:39.42,51.2 7 1
github.com/davidparkercodes/belay/cmd/belay/commands/sessions.go:53.63,61.28 7 0
github.com/davidparkercodes/belay/cmd/belay/commands/sessions.go:61.28,63.3 1 0
github.com/davidparkercodes/belay/cmd/belay/commands/sessions.go:65.2,66.16 2 0
github.com/davidparkercodes/belay/cmd/belay/commands/sessions.go:66.16,68.3 1 0
github.com/davidparkercodes/belay/cmd/belay/commands/sessions.go:70.2,71.16 2 0
github.com/davidparkercodes/belay/cmd/belay/commands/sessions.go:71.16,73.3 1 0
github.com/davidparkercodes/belay/cmd/belay/commands/sessions.go:75.2,76.16 2 0
github.com/davidparkercodes/belay/cmd/belay/commands/sessions.go:76.16,78.3 1 0
github.com/davidparkercodes/belay/cmd/belay/commands/sessions.go:79.2,82.16 3 0
github.com/davidparkercodes/belay/cmd/belay/commands/sessions.go:82.16,84.3 1 0
github.com/davidparkercodes/belay/cmd/belay/commands/sessions.go:86.2,86.24 1 0
github.com/davidparkercodes/belay/cmd/belay/commands/sessions.go:86.24,90.3 3 0
github.com/davidparkercodes/belay/cmd/belay/commands/sessions.go:92.2,92.16 1 0
github.com/davidparkercodes/belay/cmd/belay/commands/sessions.go:92.16,94.30 2 0
github.com/davidparkercodes/belay/cmd/belay/commands/sessions.go:94.30,96.4 1 0
github.com/davidparkercodes/belay/cmd/belay/commands/sessions.go:97.3,99.34 3 0
github.com/davidparkercodes/belay/cmd/belay/commands/sessions.go:102.2,106.29 4 0
github.com/davidparkercodes/belay/cmd/belay/commands/sessions.go:106.29,108.28 2 0
github.com/davidparkercodes/belay/cmd/belay/commands/sessions.go:109.17,110.44 1 0
github.com/davidparkercodes/belay/cmd/belay/commands/sessions.go:111.18,112.44 1 0
github.com/davidparkercodes/belay/cmd/belay/commands/sessions.go:115.3,116.18 2 0
github.com/davidparkercodes/belay/cmd/belay/commands/sessions.go:116.18,118.4 1 0
github.com/davidparkercodes/belay/cmd/belay/commands/sessions.go:120.3,121.20 2 0
github.com/davidparkercodes/belay/cmd/belay/commands/sessions.go:121.20,123.4 1 0
github.com/davidparkercodes/belay/cmd/belay/commands/sessions.go:125.3,129.4 1 0
github.com/davidparkercodes/belay/cmd/belay/commands/sessions.go:131.2,133.12 2 0
github.com/davidparkercodes/belay/cmd/belay/commands/sessions.go:136.42,141.55 1 1
github.com/davidparkercodes/belay/cmd/belay/commands/sessions.go:141.55,145.18 3 0
github.com/davidparkercodes/belay/cmd/belay/commands/sessions.go:145.18,147.5 1 0
github.com/davidparkercodes/belay/cmd/belay/commands/sessions.go:149.4,150.18 2 0
github.com/davidparkercodes/belay/cmd/belay/commands/sessions.go:150.18,152.5 1 0
github.com/davidparkercodes/belay/cmd/belay/commands/sessions.go:154.4,155.18 2 0
github.com/davidparkercodes/belay/cmd/belay/commands/sessions.go:155.18,157.5 1 0
github.com/davidparkercodes/belay/cmd/belay/commands/sessions.go:158.4,161.18 3 0
github.com/davidparkercodes/belay/cmd/belay/commands/sessions.go:161.18,163.5 1 0
github.com/davidparkercodes/belay/cmd/belay/commands/sessions.go:165.4,170.18 2 0
github.com/davidparkercodes/belay/cmd/belay/commands/sessions.go:170.18,172.5 1 0
github.com/davidparkercodes/belay/cmd/belay/commands/sessions.go:174.4,174.18 1 0
github.com/davidparkercodes/belay/cmd/belay/commands/sessions.go:174.18,182.5 4 0
github.com/davidparkercodes/belay/cmd/belay/commands/sessions.go:184.4,189.33 6 0
github.com/davidparkercodes/belay/cmd/belay/commands/sessions.go:189.33,191.5 1 0
github.com/davidparkercodes/belay/cmd/belay/commands/sessions.go:192.4,193.27 2 0
github.com/davidparkercodes/belay/cmd/belay/commands/sessions.go:193.27,195.5 1 0
github.com/davidparkercodes/belay/cmd/belay/commands/sessions.go:196.4,199.23 3 0
github.com/davidparkercodes/belay/cmd/belay/commands/sessions.go:199.23,201.30 2 0
github.com/davidparkercodes/belay/cmd/belay/commands/sessions.go:201.30,204.27 3 0
github.com/davidparkercodes/belay/cmd/belay/commands/sessions.go:204.27,206.7 1 0
github.com/davidparkercodes/belay/cmd/belay/commands/sessions.go:207.6,207.19 1 0
github.com/davidparkercodes/belay/cmd/belay/commands/sessions.go:211.4,211.14 1 0
github.com/davidparkercodes/belay/cmd/belay/commands/sessions.go:214.2,215.12 2 1
github.com/davidparkercodes/belay/cmd/belay/commands/sessions.go:218.44,226.2 3 1
github.com/davidparkercodes/belay/cmd/belay/commands/sessions.go:228.65,232.16 3 0
github.com/davidparkercodes/belay/cmd/belay/commands/sessions.go:232.16,234.3 1 0
github.com/davidparkercodes/belay/cmd/belay/commands/sessions.go:236.2,237.16 2 0
github.com/davidparkercodes/belay/cmd/belay/commands/sessions.go:237.16,239.3 1 0
github.com/davidparkercodes/belay/cmd/belay/commands/sessions.go:241.2,242.16 2 0
github.com/davidparkercodes/belay/cmd/belay/commands/sessions.go:242.16,244.3 1 0
github.com/davidparkercodes/belay/cmd/belay/commands/sessions.go:245.2,248.16 3 0
github.com/davidparkercodes/belay/cmd/belay/commands/sessions.go:248.16,250.3 1 0
github.com/davidparkercodes/belay/cmd/belay/commands/sessions.go:252.2,252.24 1 0
github.com/davidparkercodes/belay/cmd/belay/commands/sessions.go:252.24,255.3 2 0
github.com/davidparkercodes/belay/cmd/belay/commands/sessions.go:257.2,257.16 1 0
github.com/davidparkercodes/belay/cmd/belay/commands/sessions.go:257.16,259.30 2 0
github.com/davidparkercodes/belay/cmd/belay/commands/sessions.go:259.30,261.4 1 0
github.com/davidparkercodes/belay/cmd/belay/commands/sessions.go:262.3,264.34 3 0
github.com/davidparkercodes/belay/cmd/belay/commands/sessions.go:267.2,271.29 4 0
github.com/davidparkercodes/belay/cmd/belay/commands/sessions.go:271.29,275.18 3 0
github.com/davidparkercodes/belay/cmd/belay/commands/sessions.go:275.18,277.4 1 0
github.com/davidparkercodes/belay/cmd/belay/commands/sessions.go:279.3,280.20 2 0
github.com/davidparkercodes/belay/cmd/belay/commands/sessions.go:280.20,282.4 1 0
github.com/davidparkercodes/belay/cmd/belay/commands/sessions.go:284.3,288.4 1 0
github.com/davidparkercodes/belay/cmd/belay/commands/sessions.go:290.2,292.12 2 0
github.com/davidparkercodes/belay/cmd/belay/commands/sessions.go:295.43,300.55 1 1
github.com/davidparkercodes/belay/cmd/belay/commands/sessions.go:300.55,302.18 2 0
github.com/davidparkercodes/belay/cmd/belay/commands/sessions.go:302.18,304.5 1 0
github.com/davidparkercodes/belay/cmd/belay/commands/sessions.go:306.4,307.18 2 0
github.com/davidparkercodes/belay/cmd/belay/commands/sessions.go:307.18,309.5 1 0
github.com/davidparkercodes/belay/cmd/belay/commands/sessions.go:311.4,312.18 2 0
github.com/davidparkercodes/belay/cmd/belay/commands/sessions.go:312.18,314.5 1 0
github.com/davidparkercodes/belay/cmd/belay/commands/sessions.go:315.4,317.67 2 0
github.com/davidparkercodes/belay/cmd/belay/commands/sessions.go:317.67,319.5 1 0
github.com/davidparkercodes/belay/cmd/belay/commands/sessions.go:321.4,322.14 2 0
github.com/davidparkercodes/belay/cmd/belay/commands/snapshot.go:17.38,35.2 9 1
github.com/davidparkercodes/belay/cmd/belay/commands/snapshot.go:37.59,46.16 8 0
github.com/davidparkercodes/belay/cmd/belay/commands/snapshot.go:46.16,48.3 1 0
github.com/davidparkercodes/belay/cmd/belay/commands/snapshot.go:50.2,51.16 2 0
github.com/davidparkercodes/belay/cmd/belay/commands/snapshot.go:51.16,53.3 1 0
github.com/davidparkercodes/belay/cmd/belay/commands/snapshot.go:55.2,56.16 2 0
github.com/davidparkercodes/belay/cmd/belay/commands/snapshot.go:56.16,58.3 1 0
github.com/davidparkercodes/belay/cmd/belay/commands/snapshot.go:59.2,62.16 3 0
github.com/davidparkercodes/belay/cmd/belay/commands/snapshot.go:62.16,64.3 1 0
github.com/davidparkercodes/belay/cmd/belay/commands/snapshot.go:65.2,68.16 3 0
github.com/davidparkercodes/belay/cmd/belay/commands/snapshot.go:68.16,70.3 1 0
github.com/davidparkercodes/belay/cmd/belay/commands/snapshot.go:71.2,73.22 2 0
github.com/davidparkercodes/belay/cmd/belay/commands/snapshot.go:73.22,80.37 2 0
github.com/davidparkercodes/belay/cmd/belay/commands/snapshot.go:80.37,82.4 1 0
github.com/davidparkercodes/belay/cmd/belay/commands/snapshot.go:83.3,83.40 1 0
github.com/davidparkercodes/belay/cmd/belay/commands/snapshot.go:83.40,85.4 1 0
github.com/davidparkercodes/belay/cmd/belay/commands/snapshot.go:86.3,87.17 2 0
github.com/davidparkercodes/belay/cmd/belay/commands/snapshot.go:87.17,89.4 1 0
github.com/davidparkercodes/belay/cmd/belay/commands/snapshot.go:90.3,91.13 2 0
github.com/davidparkercodes/belay/cmd/belay/commands/snapshot.go:94.2,98.16 2 0
github.com/davidparkercodes/belay/cmd/belay/commands/snapshot.go:98.16,100.3 1 0
github.com/davidparkercodes/belay/cmd/belay/commands/snapshot.go:102.2,110.27 3 0
github.com/davidparkercodes/belay/cmd/belay/commands/snapshot.go:110.27,112.14 2 0
github.com/davidparkercodes/belay/cmd/belay/commands/snapshot.go:112.14,115.4 2 0
github.com/davidparkercodes/belay/cmd/belay/commands/snapshot.go:116.3,116.32 1 0
github.com/davidparkercodes/belay/cmd/belay/commands/snapshot.go:116.32,118.4 1 0
github.com/davidparkercodes/belay/cmd/belay/commands/snapshot.go:118.9,122.4 3 0
github.com/davidparkercodes/belay/cmd/belay/commands/snapshot.go:125.2,125.30 1 0
github.com/davidparkercodes/belay/cmd/belay/commands/snapshot.go:125.30,126.17 1 0
github.com/davidparkercodes/belay/cmd/belay/commands/snapshot.go:126.17,128.4 1 0
github.com/davidparkercodes/belay/cmd/belay/commands/snapshot.go:131.2,133.16 2 0
github.com/davidparkercodes/belay/cmd/belay/commands/snapshot.go:133.16,135.28 2 0
github.com/davidparkercodes/belay/cmd/belay/commands/snapshot.go:135.28,137.4 1 0
github.com/davidparkercodes/belay/cmd/belay/commands/snapshot.go:138.3,140.28 3 0
github.com/davidparkercodes/belay/cmd/belay/commands/snapshot.go:143.2,143.14 1 0
github.com/davidparkercodes/belay/cmd/belay/commands/snapshot.go:143.14,144.28 1 0
github.com/davidparkercodes/belay/cmd/belay/commands/snapshot.go:144.28,146.4 1 0
github.com/davidparkercodes/belay/cmd/belay/commands/snapshot.go:147.3,147.13 1 0
github.com/davidparkercodes/belay/cmd/belay/commands/snapshot.go:150.2,150.21 1 0
github.com/davidparkercodes/belay/cmd/belay/commands/snapshot.go:150.21,151.97 1 0
github.com/davidparkercodes/belay/cmd/belay/commands/snapshot.go:151.97,154.4 2 0
github.com/davidparkercodes/belay/cmd/belay/commands/snapshot.go:156.3,156.54 1 0
github.com/davidparkercodes/belay/cmd/belay/commands/snapshot.go:156.54,158.4 1 0
github.com/davidparkercodes/belay/cmd/belay/commands/snapshot.go:160.3,161.28 2 0
github.com/davidparkercodes/belay/cmd/belay/commands/snapshot.go:161.28,162.28 1 0
github.com/davidparkercodes/belay/cmd/belay/commands/snapshot.go:162.28,163.13 1 0
github.com/davidparkercodes/belay/cmd/belay/commands/snapshot.go:165.4,166.18 2 0
github.com/davidparkercodes/belay/cmd/belay/commands/snapshot.go:166.18,168.13 2 0
github.com/davidparkercodes/belay/cmd/belay/commands/snapshot.go:171.4,174.22 3 0
github.com/davidparkercodes/belay/cmd/belay/commands/snapshot.go:174.22,177.5 1 0
github.com/davidparkercodes/belay/cmd/belay/commands/snapshot.go:178.4,179.22 2 0
github.com/davidparkercodes/belay/cmd/belay/commands/snapshot.go:179.22,181.5 1 0
github.com/davidparkercodes/belay/cmd/belay/commands/snapshot.go:182.4,182.107 1 0
github.com/davidparkercodes/belay/cmd/belay/commands/snapshot.go:182.107,184.13 2 0
github.com/davidparkercodes/belay/cmd/belay/commands/snapshot.go:186.4,187.60 2 0
github.com/davidparkercodes/belay/cmd/belay/commands/snapshot.go:187.60,189.13 2 0
github.com/davidparkercodes/belay/cmd/belay/commands/snapshot.go:191.4,191.13 1 0
github.com/davidparkercodes/belay/cmd/belay/commands/snapshot.go:193.3,194.13 2 0
github.com/davidparkercodes/belay/cmd/belay/commands/snapshot.go:197.2,197.27 1 0
github.com/davidparkercodes/belay/cmd/belay/commands/snapshot.go:197.27,199.3 1 0
github.com/davidparkercodes/belay/cmd/belay/commands/snapshot.go:201.2,201.12 1 0
github.com/davidparkercodes/belay/cmd/belay/commands/status.go:14.36,28.2 5 1
github.com/davidparkercodes/belay/cmd/belay/commands/status.go:30.57,34.16 3 0
github.com/davidparkercodes/belay/cmd/belay/commands/status.go:34.16,36.3 1 0
github.com/davidparkercodes/belay/cmd/belay/commands/status.go:38.2,39.16 2 0
github.com/davidparkercodes/belay/cmd/belay/commands/status.go:39.16,41.3 1 0
github.com/davidparkercodes/belay/cmd/belay/commands/status.go:43.2,45.16 2 0
github.com/davidparkercodes/belay/cmd/belay/commands/status.go:45.16,55.3 4 0
github.com/davidparkercodes/belay/cmd/belay/commands/status.go:57.2,63.19 6 0
github.com/davidparkercodes/belay/cmd/belay/commands/status.go:63.19,65.3 1 0
github.com/davidparkercodes/belay/cmd/belay/commands/status.go:65.8,68.3 2 0
github.com/davidparkercodes/belay/cmd/belay/commands/status.go:69.2,82.12 11 0
github.com/davidparkercodes/belay/cmd/belay/commands/status.go:85.42,88.16 3 1
github.com/davidparkercodes/belay/cmd/belay/commands/status.go:88.16,90.3 1 1
github.com/davidparkercodes/belay/cmd/belay/commands/status.go:91.2,91.32 1 1
github.com/davidparkercodes/belay/cmd/belay/commands/status.go:91.32,93.17 2 1
github.com/davidparkercodes/belay/cmd/belay/commands/status.go:93.17,94.12 1 0
github.com/davidparkercodes/belay/cmd/belay/commands/status.go:96.3,96.21 1 1
github.com/davidparkercodes/belay/cmd/belay/commands/status.go:96.21,98.4 1 1
github.com/davidparkercodes/belay/cmd/belay/commands/status.go:100.2,100.18 1 1
github.com/davidparkercodes/belay/cmd/belay/commands/status.go:103.34,105.16 2 1
github.com/davidparkercodes/belay/cmd/belay/commands/status.go:105.16,107.3 1 1
github.com/davidparkercodes/belay/cmd/belay/commands/status.go:108.2,108.20 1 1
github.com/davidparkercodes/belay/cmd/belay/commands/status.go:111.33,113.14 2 1
github.com/davidparkercodes/belay/cmd/belay/commands/status.go:113.14,115.3 1 1
github.com/davidparkercodes/belay/cmd/belay/commands/status.go:116.2,117.42 2 1
github.com/davidparkercodes/belay/cmd/belay/commands/status.go:117.42,120.3 2 1
github.com/davidparkercodes/belay/cmd/belay/commands/status.go:121.2,121.72 1 1
github.com/davidparkercodes/belay/cmd/belay/commands/status.go:124.42,125.17 1 1
github.com/davidparkercodes/belay/cmd/belay/commands/status.go:125.17,127.3 1 1
github.com/davidparkercodes/belay/cmd/belay/commands/status.go:128.2,128.14 1 1
github.com/davidparkercodes/belay/internal/api/server.go:69.204,81.2 1 1
github.com/davidparkercodes/belay/internal/api/server.go:84.32,114.18 20 1
github.com/davidparkercodes/belay/internal/api/server.go:114.18,116.3 1 0
github.com/davidparkercodes/belay/internal/api/server.go:118.2,119.15 2 1
github.com/davidparkercodes/belay/internal/api/server.go:119.15,121.3 1 0
github.com/davidparkercodes/belay/internal/api/server.go:122.2,123.16 2 1
github.com/davidparkercodes/belay/internal/api/server.go:123.16,125.3 1 0
github.com/davidparkercodes/belay/internal/api/server.go:127.2,138.16 4 1
github.com/davidparkercodes/belay/internal/api/server.go:138.16,140.3 1 0
github.com/davidparkercodes/belay/internal/api/server.go:142.2,142.65 1 1
github.com/davidparkercodes/belay/internal/api/server.go:142.65,144.3 1 0
github.com/davidparkercodes/belay/internal/api/server.go:145.2,146.18 2 1
github.com/davidparkercodes/belay/internal/api/server.go:146.18,148.3 1 0
github.com/davidparkercodes/belay/internal/api/server.go:149.2,149.12 1 1
github.com/davidparkercodes/belay/internal/api/server.go:149.12,150.75 1 1
github.com/davidparkercodes/belay/internal/api/server.go:150.75,152.4 1 0
github.com/davidparkercodes/belay/internal/api/server.go:155.2,155.12 1 1
github.com/davidparkercodes/belay/internal/api/server.go:159.31,160.17 1 1
github.com/davidparkercodes/belay/internal/api/server.go:160.17,162.3 1 1
github.com/davidparkercodes/belay/internal/api/server.go:163.2,163.21 1 1
github.com/davidparkercodes/belay/internal/api/server.go:163.21,165.3 1 1
github.com/davidparkercodes/belay/internal/api/server.go:166.2,168.31 3 1
github.com/davidparkercodes/belay/internal/api/server.go:172.47,175.35 3 1
github.com/davidparkercodes/belay/internal/api/server.go:175.35,176.10 1 1
github.com/davidparkercodes/belay/internal/api/server.go:177.18,177.18 0 1
github.com/davidparkercodes/belay/internal/api/server.go:178.11,178.11 0 1
github.com/davidparkercodes/belay/internal/api/server.go:184.71,191.28 3 1
github.com/davidparkercodes/belay/internal/api/server.go:191.28,194.3 2 0
github.com/davidparkercodes/belay/internal/api/server.go:196.2,197.20 2 1
github.com/davidparkercodes/belay/internal/api/server.go:200.71,203.46 2 1
github.com/davidparkercodes/belay/internal/api/server.go:203.46,204.50 1 1
github.com/davidparkercodes/belay/internal/api/server.go:204.50,206.4 1 1
github.com/davidparkercodes/belay/internal/api/server.go:208.2,208.46 1 1
github.com/davidparkercodes/belay/internal/api/server.go:208.46,209.56 1 1
github.com/davidparkercodes/belay/internal/api/server.go:209.56,211.4 1 1
github.com/davidparkercodes/belay/internal/api/server.go:213.2,213.45 1 1
github.com/davidparkercodes/belay/internal/api/server.go:213.45,215.3 1 1
github.com/davidparkercodes/belay/internal/api/server.go:216.2,216.48 1 1
github.com/davidparkercodes/belay/internal/api/server.go:216.48,218.3 1 1
github.com/davidparkercodes/belay/internal/api/server.go:219.2,219.46 1 1
github.com/davidparkercodes/belay/internal/api/server.go:219.46,220.44 1 1
github.com/davidparkercodes/belay/internal/api/server.go:220.44,222.4 1 1
github.com/davidparkercodes/belay/internal/api/server.go:224.2,224.52 1 1
github.com/davidparkercodes/belay/internal/api/server.go:224.52,227.30 3 0
github.com/davidparkercodes/belay/internal/api/server.go:227.30,229.16 2 0
github.com/davidparkercodes/belay/internal/api/server.go:230.16,231.58 1 0
github.com/davidparkercodes/belay/internal/api/server.go:232.14,233.132 1 0
github.com/davidparkercodes/belay/internal/api/server.go:234.15,235.57 1 0
github.com/davidparkercodes/belay/internal/api/server.go:238.3,238.26 1 0
github.com/davidparkercodes/belay/internal/api/server.go:238.26,241.33 3 0
github.com/davidparkercodes/belay/internal/api/server.go:241.33,242.17 1 0
github.com/davidparkercodes/belay/internal/api/server.go:242.17,245.6 2 0
github.com/davidparkercodes/belay/internal/api/server.go:247.4,247.28 1 0
github.com/davidparkercodes/belay/internal/api/server.go:250.2,250.18 1 1
github.com/davidparkercodes/belay/internal/api/server.go:250.18,252.3 1 1
github.com/davidparkercodes/belay/internal/api/server.go:253.2,256.16 3 1
github.com/davidparkercodes/belay/internal/api/server.go:256.16,259.3 2 0
github.com/davidparkercodes/belay/internal/api/server.go:261.2,264.4 1 1
github.com/davidparkercodes/belay/internal/api/server.go:267.74,270.16 3 1
github.com/davidparkercodes/belay/internal/api/server.go:270.16,273.3 2 1
github.com/davidparkercodes/belay/internal/api/server.go:274.2,274.21 1 1
github.com/davidparkercodes/belay/internal/api/server.go:277.73,282.47 3 1
github.com/davidparkercodes/belay/internal/api/server.go:282.47,284.3 1 1
github.com/davidparkercodes/belay/internal/api/server.go:287.2,287.51 1 1
github.com/davidparkercodes/belay/internal/api/server.go:287.51,288.53 1 1
github.com/davidparkercodes/belay/internal/api/server.go:288.53,290.4 1 1
github.com/davidparkercodes/belay/internal/api/server.go:293.2,294.46 2 1
github.com/davidparkercodes/belay/internal/api/server.go:294.46,295.53 1 1
github.com/davidparkercodes/belay/internal/api/server.go:295.53,297.4 1 1
github.com/davidparkercodes/belay/internal/api/server.go:300.2,301.16 2 1
github.com/davidparkercodes/belay/internal/api/server.go:301.16,304.3 2 0
github.com/davidparkercodes/belay/internal/api/server.go:306.2,307.32 2 1
github.com/davidparkercodes/belay/internal/api/server.go:307.32,309.3 1 1
github.com/davidparkercodes/belay/internal/api/server.go:311.2,314.4 1 1
github.com/davidparkercodes/belay/internal/api/server.go:317.72,320.16 3 1
github.com/davidparkercodes/belay/internal/api/server.go:320.16,325.39 2 1
github.com/davidparkercodes/belay/internal/api/server.go:325.39,328.4 2 1
github.com/davidparkercodes/belay/internal/api/server.go:329.3,330.32 2 1
github.com/davidparkercodes/belay/internal/api/server.go:330.32,331.53 1 1
github.com/davidparkercodes/belay/internal/api/server.go:331.53,333.5 1 1
github.com/davidparkercodes/belay/internal/api/server.go:335.3,340.4 1 1
github.com/davidparkercodes/belay/internal/api/server.go:342.2,346.29 5 1
github.com/davidparkercodes/belay/internal/api/server.go:349.78,356.46 3 1
github.com/davidparkercodes/belay/internal/api/server.go:356.46,357.44 1 1
github.com/davidparkercodes/belay/internal/api/server.go:357.44,359.4 1 1
github.com/davidparkercodes/belay/internal/api/server.go:362.2,363.16 2 1
github.com/davidparkercodes/belay/internal/api/server.go:363.16,366.3 2 0
github.com/davidparkercodes/belay/internal/api/server.go:368.2,372.4 1 1
github.com/davidparkercodes/belay/internal/api/server.go:375.78,379.16 3 1
github.com/davidparkercodes/belay/internal/api/server.go:379.16,382.3 2 1
github.com/davidparkercodes/belay/internal/api/server.go:384.2,384.22 1 1
github.com/davidparkercodes/belay/internal/api/server.go:387.70,390.20 3 1
github.com/davidparkercodes/belay/internal/api/server.go:390.20,391.57 1 1
github.com/davidparkercodes/belay/internal/api/server.go:391.57,393.4 1 1
github.com/davidparkercodes/belay/internal/api/server.go:396.2,401.52 2 1
github.com/davidparkercodes/belay/internal/api/server.go:401.52,404.30 3 0
github.com/davidparkercodes/belay/internal/api/server.go:404.30,406.16 2 0
github.com/davidparkercodes/belay/internal/api/server.go:407.16,408.58 1 0
github.com/davidparkercodes/belay/internal/api/server.go:409.14,410.132 1 0
github.com/davidparkercodes/belay/internal/api/server.go:411.15,412.57 1 0
github.com/davidparkercodes/belay/internal/api/server.go:415.3,415.26 1 0
github.com/davidparkercodes/belay/internal/api/server.go:415.26,418.33 3 0
github.com/davidparkercodes/belay/internal/api/server.go:418.33,419.17 1 0
github.com/davidparkercodes/belay/internal/api/server.go:419.17,422.6 2 0
github.com/davidparkercodes/belay/internal/api/server.go:424.4,424.28 1 0
github.com/davidparkercodes/belay/internal/api/server.go:427.2,428.16 2 1
github.com/davidparkercodes/belay/internal/api/server.go:428.16,431.3 2 0
github.com/davidparkercodes/belay/internal/api/server.go:433.2,442.27 3 1
github.com/davidparkercodes/belay/internal/api/server.go:442.27,444.14 2 1
github.com/davidparkercodes/belay/internal/api/server.go:444.14,452.4 2 1
github.com/davidparkercodes/belay/internal/api/server.go:453.3,453.14 1 1
github.com/davidparkercodes/belay/internal/api/server.go:456.2,457.27 2 1
github.com/davidparkercodes/belay/internal/api/server.go:457.27,459.3 1 1
github.com/davidparkercodes/belay/internal/api/server.go:461.2,464.4 1 1
github.com/davidparkercodes/belay/internal/api/server.go:467.76,469.16 2 1
github.com/davidparkercodes/belay/internal/api/server.go:469.16,472.3 2 1
github.com/davidparkercodes/belay/internal/api/server.go:474.2,475.46 2 1
github.com/davidparkercodes/belay/internal/api/server.go:475.46,476.44 1 1
github.com/davidparkercodes/belay/internal/api/server.go:476.44,478.4 1 1
github.com/davidparkercodes/belay/internal/api/server.go:481.2,486.16 2 1
github.com/davidparkercodes/belay/internal/api/server.go:486.16,489.3 2 0
github.com/davidparkercodes/belay/internal/api/server.go:491.2,495.4 1 1
github.com/davidparkercodes/belay/internal/api/server.go:498.76,500.16 2 1
github.com/davidparkercodes/belay/internal/api/server.go:500.16,503.3 2 1
github.com/davidparkercodes/belay/internal/api/server.go:505.2,506.16 2 1
github.com/davidparkercodes/belay/internal/api/server.go:506.16,509.3 2 1
github.com/davidparkercodes/belay/internal/api/server.go:511.2,513.15 3 1
github.com/davidparkercodes/belay/internal/api/server.go:516.74,519.20 3 1
github.com/davidparkercodes/belay/internal/api/server.go:519.20,520.57 1 1
github.com/davidparkercodes/belay/internal/api/server.go:520.57,522.4 1 1
github.com/davidparkercodes/belay/internal/api/server.go:525.2,530.51 4 1
github.com/davidparkercodes/belay/internal/api/server.go:530.51,532.3 1 1
github.com/davidparkercodes/belay/internal/api/server.go:532.8,534.3 1 1
github.com/davidparkercodes/belay/internal/api/server.go:535.2,535.16 1 1
github.com/davidparkercodes/belay/internal/api/server.go:535.16,538.3 2 0
github.com/davidparkercodes/belay/internal/api/server.go:540.2,543.4 1 1
github.com/davidparkercodes/belay/internal/api/server.go:546.70,550.67 3 1
github.com/davidparkercodes/belay/internal/api/server.go:550.67,555.3 4 0
github.com/davidparkercodes/belay/internal/api/server.go:556.2,577.22 11 1
github.com/davidparkercodes/belay/internal/api/server.go:588.71,589.23 1 1
github.com/davidparkercodes/belay/internal/api/server.go:589.23,592.3 2 1
github.com/davidparkercodes/belay/internal/api/server.go:594.2,595.61 2 1
github.com/davidparkercodes/belay/internal/api/server.go:595.61,598.3 2 1
github.com/davidparkercodes/belay/internal/api/server.go:599.2,599.24 1 1
github.com/davidparkercodes/belay/internal/api/server.go:599.24,602.3 2 1
github.com/davidparkercodes/belay/internal/api/server.go:604.2,605.25 2 1
github.com/davidparkercodes/belay/internal/api/server.go:605.25,607.17 2 1
github.com/davidparkercodes/belay/internal/api/server.go:607.17,610.4 2 1
github.com/davidparkercodes/belay/internal/api/server.go:611.3,611.14 1 1
github.com/davidparkercodes/belay/internal/api/server.go:614.2,617.20 3 1
github.com/davidparkercodes/belay/internal/api/server.go:617.20,620.3 1 1
github.com/davidparkercodes/belay/internal/api/server.go:621.2,622.20 2 1
github.com/davidparkercodes/belay/internal/api/server.go:622.20,624.3 1 0
github.com/davidparkercodes/belay/internal/api/server.go:625.2,625.95 1 1
github.com/davidparkercodes/belay/internal/api/server.go:625.95,628.3 2 1
github.com/davidparkercodes/belay/internal/api/server.go:629.2,632.27 3 1
github.com/davidparkercodes/belay/internal/api/server.go:632.27,634.17 2 1
github.com/davidparkercodes/belay/internal/api/server.go:634.17,638.4 3 1
github.com/davidparkercodes/belay/internal/api/server.go:639.3,640.17 2 1
github.com/davidparkercodes/belay/internal/api/server.go:640.17,643.4 2 0
github.com/davidparkercodes/belay/internal/api/server.go:644.3,645.21 2 1
github.com/davidparkercodes/belay/internal/api/server.go:648.2,662.24 2 1
github.com/davidparkercodes/belay/internal/api/server.go:662.24,664.3 1 1
github.com/davidparkercodes/belay/internal/api/server.go:665.2,672.4 3 1
github.com/davidparkercodes/belay/internal/api/server.go:683.73,685.61 2 0
github.com/davidparkercodes/belay/internal/api/server.go:685.61,688.3 2 0
github.com/davidparkercodes/belay/internal/api/server.go:689.2,689.25 1 0
github.com/davidparkercodes/belay/internal/api/server.go:689.25,692.3 2 0
github.com/davidparkercodes/belay/internal/api/server.go:694.2,706.23 2 0
github.com/davidparkercodes/belay/internal/api/server.go:706.23,708.3 1 0
github.com/davidparkercodes/belay/internal/api/server.go:709.2,709.21 1 0
github.com/davidparkercodes/belay/internal/api/server.go:709.21,711.3 1 0
github.com/davidparkercodes/belay/internal/api/server.go:712.2,712.22 1 0
github.com/davidparkercodes/belay/internal/api/server.go:712.22,714.3 1 0
github.com/davidparkercodes/belay/internal/api/server.go:715.2,715.26 1 0
github.com/davidparkercodes/belay/internal/api/server.go:715.26,717.3 1 0
github.com/davidparkercodes/belay/internal/api/server.go:718.2,720.55 2 0
github.com/davidparkercodes/belay/internal/api/server.go:720.55,723.3 2 0
github.com/davidparkercodes/belay/internal/api/server.go:725.2,734.4 2 0
github.com/davidparkercodes/belay/internal/api/server.go:737.71,739.9 2 1
github.com/davidparkercodes/belay/internal/api/server.go:739.9,742.3 2 0
github.com/davidparkercodes/belay/internal/api/server.go:744.2,758.15 11 1
github.com/davidparkercodes/belay/internal/api/server.go:758.15,763.3 4 1
github.com/davidparkercodes/belay/internal/api/server.go:765.2,769.6 4 1
github.com/davidparkercodes/belay/internal/api/server.go:769.6,770.10 1 1
github.com/davidparkercodes/belay/internal/api/server.go:771.21,772.10 1 1
github.com/davidparkercodes/belay/internal/api/server.go:773.24,774.11 1 1
github.com/davidparkercodes/belay/internal/api/server.go:774.11,776.5 1 0
github.com/davidparkercodes/belay/internal/api/server.go:777.4,778.18 2 1
github.com/davidparkercodes/belay/internal/api/server.go:778.18,779.13 1 0
github.com/davidparkercodes/belay/internal/api/server.go:781.4,782.19 2 1
github.com/davidparkercodes/belay/internal/api/server.go:790.53,791.71 1 1
github.com/davidparkercodes/belay/internal/api/server.go:791.71,793.61 2 1
github.com/davidparkercodes/belay/internal/api/server.go:793.61,797.4 3 1
github.com/davidparkercodes/belay/internal/api/server.go:799.3,799.28 1 1
github.com/davidparkercodes/belay/internal/api/server.go:799.28,802.4 2 1
github.com/davidparkercodes/belay/internal/api/server.go:804.3,804.23 1 1
github.com/davidparkercodes/belay/internal/api/server.go:808.57,812.41 4 1
github.com/davidparkercodes/belay/internal/api/server.go:812.41,814.3 1 0
github.com/davidparkercodes/belay/internal/api/server.go:817.66,821.2 3 1
github.com/davidparkercodes/belay/internal/api/server.go:838.69,845.12 2 1
github.com/davidparkercodes/belay/internal/api/server.go:845.12,846.7 1 1
github.com/davidparkercodes/belay/internal/api/server.go:846.7,847.11 1 1
github.com/davidparkercodes/belay/internal/api/server.go:848.40,850.56 2 0
github.com/davidparkercodes/belay/internal/api/server.go:850.56,852.46 2 0
github.com/davidparkercodes/belay/internal/api/server.go:852.46,854.7 1 0
github.com/davidparkercodes/belay/internal/api/server.go:855.6,855.17 1 0
github.com/davidparkercodes/belay/internal/api/server.go:857.19,858.11 1 1
github.com/davidparkercodes/belay/internal/api/server.go:862.2,862.11 1 1
github.com/davidparkercodes/belay/internal/api/server.go:866.32,868.2 1 1
github.com/davidparkercodes/belay/internal/api/server.go:870.46,885.25 9 1
github.com/davidparkercodes/belay/internal/api/server.go:885.25,887.3 1 1
github.com/davidparkercodes/belay/internal/api/server.go:889.2,889.18 1 1
github.com/davidparkercodes/belay/internal/api/server.go:889.18,891.3 1 1
github.com/davidparkercodes/belay/internal/api/server.go:892.2,893.13 2 1
github.com/davidparkercodes/belay/internal/api/server.go:896.75,897.71 1 1
github.com/davidparkercodes/belay/internal/api/server.go:897.71,899.34 1 1
github.com/davidparkercodes/belay/internal/api/server.go:899.34,902.4 2 1
github.com/davidparkercodes/belay/internal/api/server.go:904.3,906.56 2 1
github.com/davidparkercodes/belay/internal/api/server.go:906.56,908.4 1 1
github.com/davidparkercodes/belay/internal/api/server.go:910.3,910.20 1 1
github.com/davidparkercodes/belay/internal/api/server.go:910.20,918.4 5 1
github.com/davidparkercodes/belay/internal/api/server.go:920.3,920.23 1 1
github.com/davidparkercodes/belay/internal/conflict/conflict.go:29.35,30.11 1 1
github.com/davidparkercodes/belay/internal/conflict/conflict.go:31.19,32.15 1 1
github.com/davidparkercodes/belay/internal/conflict/conflict.go:33.22,34.18 1 1
github.com/davidparkercodes/belay/internal/conflict/conflict.go:35.20,36.16 1 1
github.com/davidparkercodes/belay/internal/conflict/conflict.go:37.24,38.20 1 1
github.com/davidparkercodes/belay/internal/conflict/conflict.go:39.10,40.19 1 1
github.com/davidparkercodes/belay/internal/conflict/conflict.go:69.72,70.21 1 1
github.com/davidparkercodes/belay/internal/conflict/conflict.go:70.21,72.3 1 1
github.com/davidparkercodes/belay/internal/conflict/conflict.go:73.2,76.3 1 1
github.com/davidparkercodes/belay/internal/conflict/conflict.go:80.70,85.16 2 1
github.com/davidparkercodes/belay/internal/conflict/conflict.go:85.16,87.3 1 0
github.com/davidparkercodes/belay/internal/conflict/conflict.go:89.2,92.43 3 1
github.com/davidparkercodes/belay/internal/conflict/conflict.go:92.43,95.3 2 1
github.com/davidparkercodes/belay/internal/conflict/conflict.go:97.2,97.44 1 1
github.com/davidparkercodes/belay/internal/conflict/conflict.go:97.44,99.3 1 1
github.com/davidparkercodes/belay/internal/conflict/conflict.go:101.2,101.23 1 1
github.com/davidparkercodes/belay/internal/conflict/conflict.go:105.89,111.16 2 1
github.com/davidparkercodes/belay/internal/conflict/conflict.go:111.16,113.3 1 0
github.com/davidparkercodes/belay/internal/conflict/conflict.go:115.2,115.47 1 1
github.com/davidparkercodes/belay/internal/conflict/conflict.go:119.75,120.27 1 1
github.com/davidparkercodes/belay/internal/conflict/conflict.go:120.27,122.3 1 1
github.com/davidparkercodes/belay/internal/conflict/conflict.go:124.2,132.16 3 1
github.com/davidparkercodes/belay/internal/conflict/conflict.go:132.16,134.3 1 0
github.com/davidparkercodes/belay/internal/conflict/conflict.go:136.2,137.27 2 1
github.com/davidparkercodes/belay/internal/conflict/conflict.go:137.27,138.33 1 1
github.com/davidparkercodes/belay/internal/conflict/conflict.go:138.33,139.12 1 0
github.com/davidparkercodes/belay/internal/conflict/conflict.go:141.3,141.58 1 1
github.com/davidparkercodes/belay/internal/conflict/conflict.go:141.58,142.12 1 1
github.com/davidparkercodes/belay/internal/conflict/conflict.go:144.3,144.39 1 1
github.com/davidparkercodes/belay/internal/conflict/conflict.go:147.2,147.27 1 1
github.com/davidparkercodes/belay/internal/conflict/conflict.go:147.27,149.3 1 1
github.com/davidparkercodes/belay/internal/conflict/conflict.go:151.2,153.38 2 1
github.com/davidparkercodes/belay/internal/conflict/conflict.go:153.38,155.3 1 1
github.com/davidparkercodes/belay/internal/conflict/conflict.go:157.2,170.15 4 1
github.com/davidparkercodes/belay/internal/conflict/conflict.go:173.87,174.21 1 1
github.com/davidparkercodes/belay/internal/conflict/conflict.go:174.21,176.3 1 1
github.com/davidparkercodes/belay/internal/conflict/conflict.go:178.2,178.41 1 1
github.com/davidparkercodes/belay/internal/conflict/conflict.go:178.41,180.3 1 1
github.com/davidparkercodes/belay/internal/conflict/conflict.go:182.2,187.25 4 1
github.com/davidparkercodes/belay/internal/conflict/conflict.go:187.25,188.17 1 1
github.com/davidparkercodes/belay/internal/conflict/conflict.go:188.17,189.12 1 1
github.com/davidparkercodes/belay/internal/conflict/conflict.go:191.3,191.32 1 1
github.com/davidparkercodes/belay/internal/conflict/conflict.go:191.32,192.12 1 1
github.com/davidparkercodes/belay/internal/conflict/conflict.go:195.3,198.30 3 1
github.com/davidparkercodes/belay/internal/conflict/conflict.go:198.30,200.26 2 1
github.com/davidparkercodes/belay/internal/conflict/conflict.go:200.26,201.10 1 1
github.com/davidparkercodes/belay/internal/conflict/conflict.go:203.4,203.33 1 1
github.com/davidparkercodes/belay/internal/conflict/conflict.go:203.33,204.13 1 0
github.com/davidparkercodes/belay/internal/conflict/conflict.go:206.4,206.50 1 1
github.com/davidparkercodes/belay/internal/conflict/conflict.go:206.50,208.5 1 1
github.com/davidparkercodes/belay/internal/conflict/conflict.go:209.4,210.21 2 1
github.com/davidparkercodes/belay/internal/conflict/conflict.go:213.3,213.41 1 1
github.com/davidparkercodes/belay/internal/conflict/conflict.go:213.41,214.12 1 1
github.com/davidparkercodes/belay/internal/conflict/conflict.go:217.3,218.24 2 1
github.com/davidparkercodes/belay/internal/conflict/conflict.go:218.24,219.12 1 0
github.com/davidparkercodes/belay/internal/conflict/conflict.go:222.3,234.35 4 1
github.com/davidparkercodes/belay/internal/conflict/conflict.go:237.2,237.18 1 1
github.com/davidparkercodes/belay/internal/conflict/conflict.go:240.56,241.21 1 1
github.com/davidparkercodes/belay/internal/conflict/conflict.go:241.21,243.3 1 1
github.com/davidparkercodes/belay/internal/conflict/conflict.go:245.2,247.27 3 1
github.com/davidparkercodes/belay/internal/conflict/conflict.go:247.27,248.30 1 1
github.com/davidparkercodes/belay/internal/conflict/conflict.go:248.30,250.4 1 1
github.com/davidparkercodes/belay/internal/conflict/conflict.go:251.3,251.57 1 1
github.com/davidparkercodes/belay/internal/conflict/conflict.go:251.57,253.4 1 1
github.com/davidparkercodes/belay/internal/conflict/conflict.go:256.2,257.35 2 1
github.com/davidparkercodes/belay/internal/conflict/conflict.go:257.35,258.40 1 1
github.com/davidparkercodes/belay/internal/conflict/conflict.go:258.40,259.50 1 1
github.com/davidparkercodes/belay/internal/conflict/conflict.go:259.50,260.13 1 0
github.com/davidparkercodes/belay/internal/conflict/conflict.go:262.4,263.15 2 1
github.com/davidparkercodes/belay/internal/conflict/conflict.go:263.15,265.5 1 0
github.com/davidparkercodes/belay/internal/conflict/conflict.go:266.4,266.20 1 1
github.com/davidparkercodes/belay/internal/conflict/conflict.go:266.20,268.5 1 1
github.com/davidparkercodes/belay/internal/conflict/conflict.go:272.2,272.33 1 1
github.com/davidparkercodes/belay/internal/conflict/conflict.go:272.33,274.3 1 1
github.com/davidparkercodes/belay/internal/conflict/conflict.go:276.2,276.29 1 1
github.com/davidparkercodes/belay/internal/conflict/conflict.go:276.29,278.3 1 1
github.com/davidparkercodes/belay/internal/conflict/conflict.go:280.2,280.31 1 1
github.com/davidparkercodes/belay/internal/conflict/conflict.go:280.31,282.3 1 1
github.com/davidparkercodes/belay/internal/conflict/conflict.go:284.2,284.20 1 1
github.com/davidparkercodes/belay/internal/conflict/conflict.go:287.65,289.27 2 1
github.com/davidparkercodes/belay/internal/conflict/conflict.go:289.27,291.3 1 1
github.com/davidparkercodes/belay/internal/conflict/conflict.go:292.2,296.25 4 1
github.com/davidparkercodes/belay/internal/conflict/conflict.go:296.25,298.3 1 1
github.com/davidparkercodes/belay/internal/conflict/conflict.go:299.2,300.38 2 1
github.com/davidparkercodes/belay/internal/conflict/conflict.go:303.54,305.27 2 1
github.com/davidparkercodes/belay/internal/conflict/conflict.go:305.27,306.24 1 1
github.com/davidparkercodes/belay/internal/conflict/conflict.go:306.24,308.4 1 1
github.com/davidparkercodes/belay/internal/conflict/conflict.go:310.2,311.22 2 1
github.com/davidparkercodes/belay/internal/conflict/conflict.go:311.22,313.3 1 1
github.com/davidparkercodes/belay/internal/conflict/conflict.go:314.2,315.12 2 1
github.com/davidparkercodes/belay/internal/conflict/conflict.go:318.69,320.27 2 1
github.com/davidparkercodes/belay/internal/conflict/conflict.go:320.27,322.3 1 1
github.com/davidparkercodes/belay/internal/conflict/conflict.go:323.2,323.10 1 1
github.com/davidparkercodes/belay/internal/config/config.go:129.48,164.2 2 1
github.com/davidparkercodes/belay/internal/config/config.go:167.37,169.2 1 1
github.com/davidparkercodes/belay/internal/config/config.go:172.38,174.2 1 1
github.com/davidparkercodes/belay/internal/config/config.go:177.38,179.2 1 1
github.com/davidparkercodes/belay/internal/config/config.go:182.37,184.2 1 1
github.com/davidparkercodes/belay/internal/config/config.go:187.35,189.2 1 1
github.com/davidparkercodes/belay/internal/config/config.go:192.35,194.2 1 1
github.com/davidparkercodes/belay/internal/config/config.go:197.38,199.2 1 1
github.com/davidparkercodes/belay/internal/config/config.go:202.38,204.2 1 1
github.com/davidparkercodes/belay/internal/config/config.go:207.34,288.2 1 1
github.com/davidparkercodes/belay/internal/config/config.go:291.39,293.2 1 1
github.com/davidparkercodes/belay/internal/config/config.go:296.40,298.16 2 1
github.com/davidparkercodes/belay/internal/config/config.go:298.16,300.3 1 0
github.com/davidparkercodes/belay/internal/config/config.go:302.2,302.6 1 1
github.com/davidparkercodes/belay/internal/config/config.go:302.6,304.66 2 1
github.com/davidparkercodes/belay/internal/config/config.go:304.66,306.4 1 1
github.com/davidparkercodes/belay/internal/config/config.go:308.3,309.20 2 1
github.com/davidparkercodes/belay/internal/config/config.go:309.20,311.4 1 1
github.com/davidparkercodes/belay/internal/config/config.go:312.3,312.15 1 1
github.com/davidparkercodes/belay/internal/config/config.go:317.48,321.55 3 1
github.com/davidparkercodes/belay/internal/config/config.go:321.55,323.3 1 1
github.com/davidparkercodes/belay/internal/config/config.go:325.2,325.60 1 1
github.com/davidparkercodes/belay/internal/config/config.go:325.60,327.3 1 1
github.com/davidparkercodes/belay/internal/config/config.go:329.2,332.17 3 1
github.com/davidparkercodes/belay/internal/dashboard/embed.go:13.23,15.16 2 0
github.com/davidparkercodes/belay/internal/dashboard/embed.go:15.16,17.3 1 0
github.com/davidparkercodes/belay/internal/dashboard/embed.go:18.2,18.28 1 0
github.com/davidparkercodes/belay/internal/dashboard/embed.go:18.28,19.29 1 0
github.com/davidparkercodes/belay/internal/dashboard/embed.go:19.29,21.4 1 0
github.com/davidparkercodes/belay/internal/dashboard/embed.go:23.2,23.14 1 0
github.com/davidparkercodes/belay/internal/dashboard/embed.go:26.29,28.16 2 0
github.com/davidparkercodes/belay/internal/dashboard/embed.go:28.16,30.3 1 0
github.com/davidparkercodes/belay/internal/dashboard/embed.go:32.2,34.71 2 0
github.com/davidparkercodes/belay/internal/dashboard/embed.go:34.71,36.17 2 0
github.com/davidparkercodes/belay/internal/dashboard/embed.go:36.17,38.4 1 0
github.com/davidparkercodes/belay/internal/dashboard/embed.go:40.3,40.47 1 0
github.com/davidparkercodes/belay/internal/dashboard/embed.go:40.47,43.4 2 0
github.com/davidparkercodes/belay/internal/dashboard/embed.go:45.3,45.29 1 0
github.com/davidparkercodes/belay/internal/githooks/hooks.go:18.34,40.2 1 0
github.com/davidparkercodes/belay/internal/githooks/hooks.go:42.31,64.2 1 0
github.com/davidparkercodes/belay/internal/githooks/hooks.go:66.33,88.2 1 0
github.com/davidparkercodes/belay/internal/githooks/hooks.go:90.37,91.14 1 0
github.com/davidparkercodes/belay/internal/githooks/hooks.go:92.23,93.30 1 0
github.com/davidparkercodes/belay/internal/githooks/hooks.go:94.20,95.27 1 0
github.com/davidparkercodes/belay/internal/githooks/hooks.go:96.22,97.29 1 0
github.com/davidparkercodes/belay/internal/githooks/hooks.go:98.10,99.12 1 0
github.com/davidparkercodes/belay/internal/githooks/hooks.go:103.35,105.16 2 0
github.com/davidparkercodes/belay/internal/githooks/hooks.go:105.16,107.3 1 0
github.com/davidparkercodes/belay/internal/githooks/hooks.go:108.2,108.6 1 0
github.com/davidparkercodes/belay/internal/githooks/hooks.go:108.6,110.63 2 0
github.com/davidparkercodes/belay/internal/githooks/hooks.go:110.63,112.4 1 0
github.com/davidparkercodes/belay/internal/githooks/hooks.go:113.3,114.20 2 0
github.com/davidparkercodes/belay/internal/githooks/hooks.go:114.20,115.9 1 0
github.com/davidparkercodes/belay/internal/githooks/hooks.go:117.3,117.15 1 0
github.com/davidparkercodes/belay/internal/githooks/hooks.go:119.2,119.63 1 0
github.com/davidparkercodes/belay/internal/githooks/hooks.go:122.33,124.16 2 0
github.com/davidparkercodes/belay/internal/githooks/hooks.go:124.16,126.3 1 0
github.com/davidparkercodes/belay/internal/githooks/hooks.go:127.2,127.44 1 0
github.com/davidparkercodes/belay/internal/githooks/hooks.go:130.34,132.16 2 0
github.com/davidparkercodes/belay/internal/githooks/hooks.go:132.16,134.3 1 0
github.com/davidparkercodes/belay/internal/githooks/hooks.go:136.2,136.47 1 0
github.com/davidparkercodes/belay/internal/githooks/hooks.go:136.47,138.3 1 0
github.com/davidparkercodes/belay/internal/githooks/hooks.go:140.2,141.38 2 0
github.com/davidparkercodes/belay/internal/githooks/hooks.go:141.38,144.19 3 0
github.com/davidparkercodes/belay/internal/githooks/hooks.go:144.19,145.12 1 0
github.com/davidparkercodes/belay/internal/githooks/hooks.go:148.3,149.40 2 0
github.com/davidparkercodes/belay/internal/githooks/hooks.go:149.40,151.4 1 0
github.com/davidparkercodes/belay/internal/githooks/hooks.go:153.3,154.47 2 0
github.com/davidparkercodes/belay/internal/githooks/hooks.go:154.47,156.4 1 0
github.com/davidparkercodes/belay/internal/githooks/hooks.go:156.9,159.41 3 0
github.com/davidparkercodes/belay/internal/githooks/hooks.go:159.41,161.5 1 0
github.com/davidparkercodes/belay/internal/githooks/hooks.go:162.4,162.40 1 0
github.com/davidparkercodes/belay/internal/githooks/hooks.go:165.3,165.74 1 0
github.com/davidparkercodes/belay/internal/githooks/hooks.go:165.74,167.4 1 0
github.com/davidparkercodes/belay/internal/githooks/hooks.go:169.3,169.38 1 0
github.com/davidparkercodes/belay/internal/githooks/hooks.go:172.2,172.23 1 0
github.com/davidparkercodes/belay/internal/githooks/hooks.go:175.33,177.16 2 0
github.com/davidparkercodes/belay/internal/githooks/hooks.go:177.16,179.3 1 0
github.com/davidparkercodes/belay/internal/githooks/hooks.go:181.2,182.38 2 0
github.com/davidparkercodes/belay/internal/githooks/hooks.go:182.38,185.17 3 0
github.com/davidparkercodes/belay/internal/githooks/hooks.go:185.17,186.12 1 0
github.com/davidparkercodes/belay/internal/githooks/hooks.go:189.3,192.26 3 0
github.com/davidparkercodes/belay/internal/githooks/hooks.go:192.26,193.12 1 0
github.com/davidparkercodes/belay/internal/githooks/hooks.go:196.3,197.74 2 0
github.com/davidparkercodes/belay/internal/githooks/hooks.go:197.74,198.69 1 0
github.com/davidparkercodes/belay/internal/githooks/hooks.go:198.69,200.5 1 0
github.com/davidparkercodes/belay/internal/githooks/hooks.go:201.9,202.72 1 0
github.com/davidparkercodes/belay/internal/githooks/hooks.go:202.72,204.5 1 0
github.com/davidparkercodes/belay/internal/githooks/hooks.go:207.3,207.34 1 0
github.com/davidparkercodes/belay/internal/githooks/hooks.go:210.2,210.21 1 0
github.com/davidparkercodes/belay/internal/githooks/hooks.go:218.37,220.16 2 0
github.com/davidparkercodes/belay/internal/githooks/hooks.go:220.16,222.3 1 0
github.com/davidparkercodes/belay/internal/githooks/hooks.go:224.2,225.38 2 0
github.com/davidparkercodes/belay/internal/githooks/hooks.go:225.38,229.17 4 0
github.com/davidparkercodes/belay/internal/githooks/hooks.go:229.17,231.4 1 0
github.com/davidparkercodes/belay/internal/githooks/hooks.go:232.3,232.76 1 0
github.com/davidparkercodes/belay/internal/githooks/hooks.go:235.2,235.22 1 0
github.com/davidparkercodes/belay/internal/githooks/hooks.go:238.48,239.6 1 0
github.com/davidparkercodes/belay/internal/githooks/hooks.go:239.6,241.21 2 0
github.com/davidparkercodes/belay/internal/githooks/hooks.go:241.21,242.9 1 0
github.com/davidparkercodes/belay/internal/githooks/hooks.go:244.3,245.19 2 0
github.com/davidparkercodes/belay/internal/githooks/hooks.go:245.19,247.9 2 0
github.com/davidparkercodes/belay/internal/githooks/hooks.go:249.3,250.55 2 0
github.com/davidparkercodes/belay/internal/githooks/hooks.go:250.55,252.4 1 0
github.com/davidparkercodes/belay/internal/githooks/hooks.go:253.3,253.50 1 0
github.com/davidparkercodes/belay/internal/githooks/hooks.go:255.2,255.16 1 0
github.com/davidparkercodes/belay/internal/ignore/ignore.go:29.55,31.35 2 1
github.com/davidparkercodes/belay/internal/ignore/ignore.go:31.35,33.3 1 0
github.com/davidparkercodes/belay/internal/ignore/ignore.go:34.2,34.15 1 1
github.com/davidparkercodes/belay/internal/ignore/ignore.go:38.34,41.16 3 1
github.com/davidparkercodes/belay/internal/ignore/ignore.go:41.16,42.25 1 1
github.com/davidparkercodes/belay/internal/ignore/ignore.go:42.25,44.4 1 1
github.com/davidparkercodes/belay/internal/ignore/ignore.go:44.9,46.4 1 0
github.com/davidparkercodes/belay/internal/ignore/ignore.go:49.2,52.12 4 1
github.com/davidparkercodes/belay/internal/ignore/ignore.go:56.53,63.31 5 1
github.com/davidparkercodes/belay/internal/ignore/ignore.go:63.31,64.25 1 1
github.com/davidparkercodes/belay/internal/ignore/ignore.go:64.25,66.4 1 1
github.com/davidparkercodes/belay/internal/ignore/ignore.go:68.2,68.16 1 1
github.com/davidparkercodes/belay/internal/ignore/ignore.go:72.39,77.31 4 1
github.com/davidparkercodes/belay/internal/ignore/ignore.go:77.31,79.3 1 1
github.com/davidparkercodes/belay/internal/ignore/ignore.go:80.2,80.15 1 1
github.com/davidparkercodes/belay/internal/ignore/ignore.go:83.54,85.16 2 1
github.com/davidparkercodes/belay/internal/ignore/ignore.go:85.16,87.3 1 1
github.com/davidparkercodes/belay/internal/ignore/ignore.go:88.2,92.21 4 1
github.com/davidparkercodes/belay/internal/ignore/ignore.go:92.21,94.35 2 1
github.com/davidparkercodes/belay/internal/ignore/ignore.go:94.35,96.4 1 1
github.com/davidparkercodes/belay/internal/ignore/ignore.go:98.2,98.32 1 1
github.com/davidparkercodes/belay/internal/ignore/ignore.go:101.45,104.48 2 1
github.com/davidparkercodes/belay/internal/ignore/ignore.go:104.48,106.3 1 1
github.com/davidparkercodes/belay/internal/ignore/ignore.go:108.2,110.34 2 1
github.com/davidparkercodes/belay/internal/ignore/ignore.go:110.34,113.3 2 1
github.com/davidparkercodes/belay/internal/ignore/ignore.go:115.2,115.34 1 1
github.com/davidparkercodes/belay/internal/ignore/ignore.go:115.34,118.3 2 1
github.com/davidparkercodes/belay/internal/ignore/ignore.go:120.2,120.34 1 1
github.com/davidparkercodes/belay/internal/ignore/ignore.go:120.34,123.3 2 1
github.com/davidparkercodes/belay/internal/ignore/ignore.go:125.2,126.16 2 1
github.com/davidparkercodes/belay/internal/ignore/ignore.go:129.48,130.49 1 1
github.com/davidparkercodes/belay/internal/ignore/ignore.go:130.49,131.33 1 1
github.com/davidparkercodes/belay/internal/ignore/ignore.go:131.33,133.4 1 1
github.com/davidparkercodes/belay/internal/ignore/ignore.go:134.3,134.76 1 1
github.com/davidparkercodes/belay/internal/ignore/ignore.go:134.76,136.4 1 1
github.com/davidparkercodes/belay/internal/ignore/ignore.go:137.3,137.15 1 1
github.com/davidparkercodes/belay/internal/ignore/ignore.go:140.2,142.15 2 1
github.com/davidparkercodes/belay/internal/ignore/ignore.go:142.15,143.45 1 1
github.com/davidparkercodes/belay/internal/ignore/ignore.go:143.45,144.31 1 1
github.com/davidparkercodes/belay/internal/ignore/ignore.go:144.31,146.5 1 1
github.com/davidparkercodes/belay/internal/ignore/ignore.go:148.3,148.74 1 1
github.com/davidparkercodes/belay/internal/ignore/ignore.go:151.2,152.33 2 1
github.com/davidparkercodes/belay/internal/ignore/ignore.go:152.33,154.3 1 1
github.com/davidparkercodes/belay/internal/ignore/ignore.go:156.2,156.35 1 1
github.com/davidparkercodes/belay/internal/ignore/ignore.go:159.43,160.37 1 1
github.com/davidparkercodes/belay/internal/ignore/ignore.go:160.37,162.3 1 1
github.com/davidparkercodes/belay/internal/ignore/ignore.go:164.2,165.16 2 1
github.com/davidparkercodes/belay/internal/ignore/ignore.go:165.16,167.3 1 1
github.com/davidparkercodes/belay/internal/ignore/ignore.go:168.2,168.16 1 1
github.com/davidparkercodes/belay/internal/ignore/ignore.go:171.49,173.21 2 1
github.com/davidparkercodes/belay/internal/ignore/ignore.go:173.21,175.3 1 0
github.com/davidparkercodes/belay/internal/ignore/ignore.go:177.2,180.18 3 1
github.com/davidparkercodes/belay/internal/ignore/ignore.go:180.18,181.39 1 1
github.com/davidparkercodes/belay/internal/ignore/ignore.go:181.39,183.4 1 1
github.com/davidparkercodes/belay/internal/ignore/ignore.go:184.3,184.28 1 1
github.com/davidparkercodes/belay/internal/ignore/ignore.go:187.2,187.18 1 1
github.com/davidparkercodes/belay/internal/ignore/ignore.go:187.18,189.3 1 1
github.com/davidparkercodes/belay/internal/ignore/ignore.go:191.2,192.39 2 1
github.com/davidparkercodes/belay/internal/ignore/ignore.go:192.39,194.63 2 1
github.com/davidparkercodes/belay/internal/ignore/ignore.go:194.63,196.4 1 1
github.com/davidparkercodes/belay/internal/ignore/ignore.go:197.3,197.25 1 1
github.com/davidparkercodes/belay/internal/ignore/ignore.go:197.25,198.67 1 1
github.com/davidparkercodes/belay/internal/ignore/ignore.go:198.67,200.5 1 0
github.com/davidparkercodes/belay/internal/ignore/ignore.go:204.2,204.14 1 1
github.com/davidparkercodes/belay/internal/ignore/ignore.go:207.34,224.29 3 1
github.com/davidparkercodes/belay/internal/ignore/ignore.go:224.29,225.32 1 1
github.com/davidparkercodes/belay/internal/ignore/ignore.go:225.32,227.4 1 1
github.com/davidparkercodes/belay/internal/ignore/ignore.go:229.2,229.17 1 1
github.com/davidparkercodes/belay/internal/schema/event.go:32.36,33.11 1 1
github.com/davidparkercodes/belay/internal/schema/event.go:34.16,35.18 1 1
github.com/davidparkercodes/belay/internal/schema/event.go:36.16,37.18 1 1
github.com/davidparkercodes/belay/internal/schema/event.go:38.16,39.18 1 1
github.com/davidparkercodes/belay/internal/schema/event.go:40.16,41.18 1 1
github.com/davidparkercodes/belay/internal/schema/event.go:42.10,43.19 1 1
github.com/davidparkercodes/belay/internal/schema/event.go:48.50,49.11 1 1
github.com/davidparkercodes/belay/internal/schema/event.go:50.26,51.23 1 1
github.com/davidparkercodes/belay/internal/schema/event.go:52.26,53.23 1 1
github.com/davidparkercodes/belay/internal/schema/event.go:54.26,55.23 1 1
github.com/davidparkercodes/belay/internal/schema/event.go:56.26,57.23 1 1
github.com/davidparkercodes/belay/internal/schema/event.go:58.10,59.51 1 1
github.com/davidparkercodes/belay/internal/schema/event.go:64.50,66.2 1 1
github.com/davidparkercodes/belay/internal/schema/event.go:69.54,71.49 2 1
github.com/davidparkercodes/belay/internal/schema/event.go:71.49,73.3 1 1
github.com/davidparkercodes/belay/internal/schema/event.go:74.2,75.16 2 1
github.com/davidparkercodes/belay/internal/schema/event.go:75.16,77.3 1 1
github.com/davidparkercodes/belay/internal/schema/event.go:78.2,79.12 2 1
github.com/davidparkercodes/belay/internal/schema/event.go:94.44,95.11 1 1
github.com/davidparkercodes/belay/internal/schema/event.go:96.16,97.16 1 1
github.com/davidparkercodes/belay/internal/schema/event.go:98.15,99.15 1 1
github.com/davidparkercodes/belay/internal/schema/event.go:100.20,101.20 1 1
github.com/davidparkercodes/belay/internal/schema/event.go:102.21,103.21 1 1
github.com/davidparkercodes/belay/internal/schema/event.go:104.18,105.18 1 1
github.com/davidparkercodes/belay/internal/schema/event.go:106.16,107.16 1 1
github.com/davidparkercodes/belay/internal/schema/event.go:108.15,109.15 1 0
github.com/davidparkercodes/belay/internal/schema/event.go:110.10,111.19 1 1
github.com/davidparkercodes/belay/internal/schema/event.go:115.57,116.11 1 1
github.com/davidparkercodes/belay/internal/schema/event.go:117.13,118.17 1 1
github.com/davidparkercodes/belay/internal/schema/event.go:119.18,120.22 1 1
github.com/davidparkercodes/belay/internal/schema/event.go:121.19,122.23 1 1
github.com/davidparkercodes/belay/internal/schema/event.go:123.16,124.20 1 1
github.com/davidparkercodes/belay/internal/schema/event.go:125.14,126.18 1 1
github.com/davidparkercodes/belay/internal/schema/event.go:127.13,128.17 1 0
github.com/davidparkercodes/belay/internal/schema/event.go:129.10,130.18 1 1
github.com/davidparkercodes/belay/internal/schema/event.go:166.39,168.2 1 1
github.com/davidparkercodes/belay/internal/schema/event.go:171.43,173.2 1 1
github.com/davidparkercodes/belay/internal/schema/event.go:194.36,211.2 1 1
github.com/davidparkercodes/belay/internal/schema/event.go:214.49,216.16 2 1
github.com/davidparkercodes/belay/internal/schema/event.go:216.16,218.3 1 0
github.com/davidparkercodes/belay/internal/schema/event.go:220.2,232.17 8 1
github.com/davidparkercodes/belay/internal/schema/event.go:237.61,239.53 2 1
github.com/davidparkercodes/belay/internal/schema/event.go:239.53,241.3 1 1
github.com/davidparkercodes/belay/internal/schema/event.go:242.2,244.19 2 1
github.com/davidparkercodes/belay/internal/schema/event.go:244.19,246.3 1 0
github.com/davidparkercodes/belay/internal/schema/event.go:247.2,247.30 1 1
github.com/davidparkercodes/belay/internal/schema/event.go:247.30,249.3 1 1
github.com/davidparkercodes/belay/internal/schema/event.go:251.2,252.53 2 1
github.com/davidparkercodes/belay/internal/schema/event.go:252.53,254.3 1 1
github.com/davidparkercodes/belay/internal/schema/event.go:256.2,257.30 2 1
github.com/davidparkercodes/belay/internal/schema/event.go:257.30,259.3 1 1
github.com/davidparkercodes/belay/internal/schema/event.go:261.2,264.40 4 1
github.com/davidparkercodes/belay/internal/schema/event.go:264.40,266.3 1 1
github.com/davidparkercodes/belay/internal/schema/event.go:268.2,269.69 2 1
github.com/davidparkercodes/belay/internal/schema/event.go:269.69,271.3 1 1
github.com/davidparkercodes/belay/internal/schema/event.go:273.2,273.35 1 1
github.com/davidparkercodes/belay/internal/schema/event.go:276.40,278.2 1 1
github.com/davidparkercodes/belay/internal/schema/event.go:281.46,284.2 2 1
github.com/davidparkercodes/belay/internal/schema/session.go:18.40,19.11 1 1
github.com/davidparkercodes/belay/internal/schema/session.go:20.21,21.18 1 1
github.com/davidparkercodes/belay/internal/schema/session.go:22.20,23.17 1 1
github.com/davidparkercodes/belay/internal/schema/session.go:24.22,25.19 1 1
github.com/davidparkercodes/belay/internal/schema/session.go:26.10,27.19 1 1
github.com/davidparkercodes/belay/internal/schema/session.go:56.44,57.24 1 1
github.com/davidparkercodes/belay/internal/schema/session.go:57.24,59.3 1 1
github.com/davidparkercodes/belay/internal/schema/session.go:60.2,60.35 1 1
github.com/davidparkercodes/belay/internal/schema/session.go:79.40,92.25 2 1
github.com/davidparkercodes/belay/internal/schema/session.go:92.25,94.3 1 1
github.com/davidparkercodes/belay/internal/schema/session.go:95.2,95.10 1 1
github.com/davidparkercodes/belay/internal/schema/uuidv7.go:11.26,22.47 9 1
github.com/davidparkercodes/belay/internal/schema/uuidv7.go:22.47,23.52 1 0
github.com/davidparkercodes/belay/internal/schema/uuidv7.go:26.2,35.3 3 1
github.com/davidparkercodes/belay/internal/session/claude.go:22.60,24.2 1 1
github.com/davidparkercodes/belay/internal/session/claude.go:27.40,29.2 1 1
github.com/davidparkercodes/belay/internal/session/claude.go:31.63,35.28 3 1
github.com/davidparkercodes/belay/internal/session/claude.go:35.28,37.3 1 1
github.com/davidparkercodes/belay/internal/session/claude.go:38.2,38.28 1 0
github.com/davidparkercodes/belay/internal/session/claude.go:38.28,40.3 1 0
github.com/davidparkercodes/belay/internal/session/claude.go:42.2,43.33 2 0
github.com/davidparkercodes/belay/internal/session/claude.go:43.33,45.3 1 0
github.com/davidparkercodes/belay/internal/session/claude.go:47.2,50.34 3 0
github.com/davidparkercodes/belay/internal/session/claude.go:50.34,51.43 1 0
github.com/davidparkercodes/belay/internal/session/claude.go:51.43,54.4 2 0
github.com/davidparkercodes/belay/internal/session/claude.go:54.9,55.32 1 0
github.com/davidparkercodes/belay/internal/session/claude.go:55.32,57.5 1 0
github.com/davidparkercodes/belay/internal/session/claude.go:58.4,58.29 1 0
github.com/davidparkercodes/belay/internal/session/claude.go:62.2,62.34 1 0
github.com/davidparkercodes/belay/internal/session/claude.go:62.34,63.26 1 0
github.com/davidparkercodes/belay/internal/session/claude.go:63.26,65.4 1 0
github.com/davidparkercodes/belay/internal/session/claude.go:68.2,68.20 1 0
github.com/davidparkercodes/belay/internal/session/claude.go:71.97,72.24 1 0
github.com/davidparkercodes/belay/internal/session/claude.go:72.24,74.3 1 0
github.com/davidparkercodes/belay/internal/session/claude.go:75.2,75.31 1 0
github.com/davidparkercodes/belay/internal/session/claude.go:75.31,77.3 1 0
github.com/davidparkercodes/belay/internal/session/claude.go:78.2,78.17 1 0
github.com/davidparkercodes/belay/internal/session/claude.go:81.54,83.16 2 0
github.com/davidparkercodes/belay/internal/session/claude.go:83.16,85.3 1 0
github.com/davidparkercodes/belay/internal/session/claude.go:87.2,88.21 2 0
github.com/davidparkercodes/belay/internal/session/claude.go:88.21,90.29 2 0
github.com/davidparkercodes/belay/internal/session/claude.go:90.29,91.12 1 0
github.com/davidparkercodes/belay/internal/session/claude.go:93.3,94.17 2 0
github.com/davidparkercodes/belay/internal/session/claude.go:94.17,95.12 1 0
github.com/davidparkercodes/belay/internal/session/claude.go:97.3,98.57 2 0
github.com/davidparkercodes/belay/internal/session/claude.go:98.57,100.4 1 0
github.com/davidparkercodes/belay/internal/session/claude.go:102.2,102.14 1 0
github.com/davidparkercodes/belay/internal/session/claude.go:105.79,107.16 2 1
github.com/davidparkercodes/belay/internal/session/claude.go:107.16,109.3 1 0
github.com/davidparkercodes/belay/internal/session/claude.go:111.2,112.56 2 1
github.com/davidparkercodes/belay/internal/session/claude.go:112.56,114.3 1 0
github.com/davidparkercodes/belay/internal/session/claude.go:116.2,119.16 3 1
github.com/davidparkercodes/belay/internal/session/claude.go:119.16,121.3 1 0
github.com/davidparkercodes/belay/internal/session/claude.go:123.2,123.32 1 1
github.com/davidparkercodes/belay/internal/session/claude.go:123.32,124.21 1 1
github.com/davidparkercodes/belay/internal/session/claude.go:124.21,125.12 1 0
github.com/davidparkercodes/belay/internal/session/claude.go:128.3,129.34 2 1
github.com/davidparkercodes/belay/internal/session/claude.go:129.34,130.12 1 1
github.com/davidparkercodes/belay/internal/session/claude.go:133.3,135.17 3 0
github.com/davidparkercodes/belay/internal/session/claude.go:135.17,136.12 1 0
github.com/davidparkercodes/belay/internal/session/claude.go:139.3,139.41 1 0
github.com/davidparkercodes/belay/internal/session/claude.go:139.41,140.25 1 0
github.com/davidparkercodes/belay/internal/session/claude.go:140.25,141.13 1 0
github.com/davidparkercodes/belay/internal/session/claude.go:144.4,144.49 1 0
github.com/davidparkercodes/belay/internal/session/claude.go:144.49,148.20 4 0
github.com/davidparkercodes/belay/internal/session/claude.go:148.20,150.6 1 0
github.com/davidparkercodes/belay/internal/session/claude.go:152.5,152.45 1 0
github.com/davidparkercodes/belay/internal/session/claude.go:152.45,163.6 1 0
github.com/davidparkercodes/belay/internal/session/claude.go:168.2,168.22 1 1
github.com/davidparkercodes/belay/internal/session/claude.go:171.76,173.16 2 1
github.com/davidparkercodes/belay/internal/session/claude.go:173.16,175.3 1 0
github.com/davidparkercodes/belay/internal/session/claude.go:177.2,181.21 4 1
github.com/davidparkercodes/belay/internal/session/claude.go:181.21,183.29 2 1
github.com/davidparkercodes/belay/internal/session/claude.go:183.29,184.12 1 1
github.com/davidparkercodes/belay/internal/session/claude.go:187.3,188.17 2 1
github.com/davidparkercodes/belay/internal/session/claude.go:188.17,189.12 1 0
github.com/davidparkercodes/belay/internal/session/claude.go:192.3,192.20 1 1
github.com/davidparkercodes/belay/internal/session/claude.go:192.20,193.12 1 0
github.com/davidparkercodes/belay/internal/session/claude.go:195.3,198.22 3 1
github.com/davidparkercodes/belay/internal/session/claude.go:198.22,200.4 1 1
github.com/davidparkercodes/belay/internal/session/claude.go:202.3,204.72 2 1
github.com/davidparkercodes/belay/internal/session/claude.go:204.72,205.12 1 0
github.com/davidparkercodes/belay/internal/session/claude.go:207.3,207.30 1 1
github.com/davidparkercodes/belay/internal/session/claude.go:207.30,209.4 1 1
github.com/davidparkercodes/belay/internal/session/claude.go:211.3,220.5 1 1
github.com/davidparkercodes/belay/internal/session/claude.go:223.2,223.22 1 1
github.com/davidparkercodes/belay/internal/session/claude.go:227.70,229.20 2 1
github.com/davidparkercodes/belay/internal/session/claude.go:229.20,231.3 1 1
github.com/davidparkercodes/belay/internal/session/claude.go:233.2,244.8 2 0
github.com/davidparkercodes/belay/internal/session/claude.go:248.138,250.35 2 1
github.com/davidparkercodes/belay/internal/session/claude.go:250.35,251.34 1 1
github.com/davidparkercodes/belay/internal/session/claude.go:251.34,253.4 1 1
github.com/davidparkercodes/belay/internal/session/claude.go:256.2,256.30 1 1
github.com/davidparkercodes/belay/internal/session/claude.go:256.30,258.3 1 1
github.com/davidparkercodes/belay/internal/session/claude.go:260.2,260.25 1 1
github.com/davidparkercodes/belay/internal/session/claude.go:260.25,262.20 2 0
github.com/davidparkercodes/belay/internal/session/claude.go:262.20,263.37 1 0
github.com/davidparkercodes/belay/internal/session/claude.go:263.37,264.27 1 0
github.com/davidparkercodes/belay/internal/session/claude.go:264.27,266.6 1 0
github.com/davidparkercodes/belay/internal/session/claude.go:271.2,271.35 1 1
github.com/davidparkercodes/belay/internal/session/claude.go:271.35,272.31 1 1
github.com/davidparkercodes/belay/internal/session/claude.go:272.31,274.54 2 1
github.com/davidparkercodes/belay/internal/session/claude.go:274.54,276.5 1 1
github.com/davidparkercodes/belay/internal/session/claude.go:280.2,280.30 1 1
github.com/davidparkercodes/belay/internal/session/claude.go:280.30,282.3 1 1
github.com/davidparkercodes/belay/internal/session/claude.go:284.2,284.31 1 1
github.com/davidparkercodes/belay/internal/session/claude.go:288.42,289.39 1 1
github.com/davidparkercodes/belay/internal/session/claude.go:289.39,291.3 1 1
github.com/davidparkercodes/belay/internal/session/claude.go:292.2,293.15 2 1
github.com/davidparkercodes/belay/internal/session/claude.go:293.15,295.3 1 1
github.com/davidparkercodes/belay/internal/session/claude.go:296.2,297.106 2 1
github.com/davidparkercodes/belay/internal/session/claude.go:297.106,299.3 1 1
github.com/davidparkercodes/belay/internal/session/claude.go:300.2,302.52 3 1
github.com/davidparkercodes/belay/internal/session/claude.go:305.57,307.21 2 1
github.com/davidparkercodes/belay/internal/session/claude.go:307.21,309.3 1 1
github.com/davidparkercodes/belay/internal/session/claude.go:310.2,310.60 1 1
github.com/davidparkercodes/belay/internal/session/claude.go:313.39,315.22 2 1
github.com/davidparkercodes/belay/internal/session/claude.go:315.22,317.3 1 0
github.com/davidparkercodes/belay/internal/session/claude.go:318.2,319.50 2 1
github.com/davidparkercodes/belay/internal/session/claude.go:319.50,321.3 1 1
github.com/davidparkercodes/belay/internal/session/claude.go:322.2,322.12 1 1
github.com/davidparkercodes/belay/internal/session/claude.go:325.58,327.21 2 1
github.com/davidparkercodes/belay/internal/session/claude.go:327.21,329.3 1 1
github.com/davidparkercodes/belay/internal/session/claude.go:330.2,331.16 2 1
github.com/davidparkercodes/belay/internal/session/claude.go:331.16,333.3 1 1
github.com/davidparkercodes/belay/internal/session/claude.go:334.2,335.16 2 1
github.com/davidparkercodes/belay/internal/session/claude.go:335.16,337.3 1 1
github.com/davidparkercodes/belay/internal/session/claude.go:338.2,338.23 1 1
github.com/davidparkercodes/belay/internal/session/claude.go:341.55,342.61 1 1
github.com/davidparkercodes/belay/internal/session/claude.go:342.61,345.22 3 1
github.com/davidparkercodes/belay/internal/session/claude.go:345.22,347.17 2 1
github.com/davidparkercodes/belay/internal/session/claude.go:347.17,349.5 1 1
github.com/davidparkercodes/belay/internal/session/claude.go:350.4,350.23 1 0
github.com/davidparkercodes/belay/internal/session/claude.go:350.23,352.5 1 0
github.com/davidparkercodes/belay/internal/session/claude.go:356.2,356.52 1 1
github.com/davidparkercodes/belay/internal/session/claude.go:356.52,358.3 1 0
github.com/davidparkercodes/belay/internal/session/claude.go:360.2,360.11 1 1
github.com/davidparkercodes/belay/internal/session/claude.go:363.38,365.26 2 1
github.com/davidparkercodes/belay/internal/session/claude.go:365.26,366.19 1 1
github.com/davidparkercodes/belay/internal/session/claude.go:366.19,368.4 1 1
github.com/davidparkercodes/belay/internal/session/claude.go:370.3,371.31 2 1
github.com/davidparkercodes/belay/internal/session/claude.go:371.31,373.4 1 0
github.com/davidparkercodes/belay/internal/session/claude.go:375.3,376.39 2 1
github.com/davidparkercodes/belay/internal/session/claude.go:376.39,378.4 1 1
github.com/davidparkercodes/belay/internal/session/claude.go:379.3,379.19 1 1
github.com/davidparkercodes/belay/internal/session/claude.go:381.2,381.10 1 0
github.com/davidparkercodes/belay/internal/session/claude.go:385.44,391.2 3 1
github.com/davidparkercodes/belay/internal/session/generic.go:24.68,34.2 1 0
github.com/davidparkercodes/belay/internal/session/generic.go:36.70,46.2 1 0
github.com/davidparkercodes/belay/internal/session/generic.go:48.67,57.2 1 0
github.com/davidparkercodes/belay/internal/session/generic.go:59.69,68.2 1 0
github.com/davidparkercodes/belay/internal/session/generic.go:70.48,72.2 1 0
github.com/davidparkercodes/belay/internal/session/generic.go:74.71,76.16 2 0
github.com/davidparkercodes/belay/internal/session/generic.go:76.16,78.3 1 0
github.com/davidparkercodes/belay/internal/session/generic.go:80.2,84.21 4 0
github.com/davidparkercodes/belay/internal/session/generic.go:84.21,86.30 2 0
github.com/davidparkercodes/belay/internal/session/generic.go:86.30,87.12 1 0
github.com/davidparkercodes/belay/internal/session/generic.go:90.3,91.34 2 0
github.com/davidparkercodes/belay/internal/session/generic.go:91.34,92.12 1 0
github.com/davidparkercodes/belay/internal/session/generic.go:94.3,97.72 3 0
github.com/davidparkercodes/belay/internal/session/generic.go:97.72,98.12 1 0
github.com/davidparkercodes/belay/internal/session/generic.go:100.3,100.30 1 0
github.com/davidparkercodes/belay/internal/session/generic.go:100.30,102.4 1 0
github.com/davidparkercodes/belay/internal/session/generic.go:104.3,115.5 2 0
github.com/davidparkercodes/belay/internal/session/generic.go:118.2,118.22 1 0
github.com/davidparkercodes/belay/internal/session/generic.go:121.78,123.22 2 0
github.com/davidparkercodes/belay/internal/session/generic.go:123.22,125.3 1 0
github.com/davidparkercodes/belay/internal/session/generic.go:127.2,137.8 1 0
github.com/davidparkercodes/belay/internal/session/generic.go:140.146,142.35 2 0
github.com/davidparkercodes/belay/internal/session/generic.go:142.35,143.31 1 0
github.com/davidparkercodes/belay/internal/session/generic.go:143.31,145.4 1 0
github.com/davidparkercodes/belay/internal/session/generic.go:148.2,148.28 1 0
github.com/davidparkercodes/belay/internal/session/generic.go:148.28,150.3 1 0
github.com/davidparkercodes/belay/internal/session/generic.go:152.2,152.25 1 0
github.com/davidparkercodes/belay/internal/session/generic.go:152.25,154.22 2 0
github.com/davidparkercodes/belay/internal/session/generic.go:154.22,155.35 1 0
github.com/davidparkercodes/belay/internal/session/generic.go:155.35,156.29 1 0
github.com/davidparkercodes/belay/internal/session/generic.go:156.29,158.6 1 0
github.com/davidparkercodes/belay/internal/session/generic.go:163.2,163.33 1 0
github.com/davidparkercodes/belay/internal/session/generic.go:163.33,164.31 1 0
github.com/davidparkercodes/belay/internal/session/generic.go:164.31,166.54 2 0
github.com/davidparkercodes/belay/internal/session/generic.go:166.54,168.5 1 0
github.com/davidparkercodes/belay/internal/session/generic.go:172.2,172.28 1 0
github.com/davidparkercodes/belay/internal/session/generic.go:172.28,174.3 1 0
github.com/davidparkercodes/belay/internal/session/generic.go:176.2,176.31 1 0
github.com/davidparkercodes/belay/internal/session/generic.go:179.69,180.39 1 0
github.com/davidparkercodes/belay/internal/session/generic.go:180.39,182.3 1 0
github.com/davidparkercodes/belay/internal/session/generic.go:183.2,184.15 2 0
github.com/davidparkercodes/belay/internal/session/generic.go:184.15,186.3 1 0
github.com/davidparkercodes/belay/internal/session/generic.go:187.2,189.31 2 0
github.com/davidparkercodes/belay/internal/session/generic.go:189.31,190.21 1 0
github.com/davidparkercodes/belay/internal/session/generic.go:190.21,192.43 2 0
github.com/davidparkercodes/belay/internal/session/generic.go:192.43,194.5 1 0
github.com/davidparkercodes/belay/internal/session/generic.go:196.3,196.65 1 0
github.com/davidparkercodes/belay/internal/session/generic.go:196.65,198.4 1 0
github.com/davidparkercodes/belay/internal/session/generic.go:200.2,200.14 1 0
github.com/davidparkercodes/belay/internal/session/generic.go:203.60,205.26 2 0
github.com/davidparkercodes/belay/internal/session/generic.go:205.26,206.19 1 0
github.com/davidparkercodes/belay/internal/session/generic.go:206.19,208.4 1 0
github.com/davidparkercodes/belay/internal/session/generic.go:209.3,210.32 2 0
github.com/davidparkercodes/belay/internal/session/generic.go:210.32,212.4 1 0
github.com/davidparkercodes/belay/internal/session/generic.go:213.3,214.39 2 0
github.com/davidparkercodes/belay/internal/session/generic.go:214.39,216.4 1 0
github.com/davidparkercodes/belay/internal/session/generic.go:217.3,217.19 1 0
github.com/davidparkercodes/belay/internal/session/generic.go:219.2,219.10 1 0
github.com/davidparkercodes/belay/internal/session/plugin.go:78.51,85.2 1 1
github.com/davidparkercodes/belay/internal/session/plugin.go:88.49,92.2 3 1
github.com/davidparkercodes/belay/internal/session/plugin.go:95.45,99.32 4 1
github.com/davidparkercodes/belay/internal/session/plugin.go:99.32,101.3 1 1
github.com/davidparkercodes/belay/internal/session/plugin.go:102.2,102.14 1 1
github.com/davidparkercodes/belay/internal/session/plugin.go:106.28,109.2 2 1
github.com/davidparkercodes/belay/internal/session/plugin.go:112.27,115.2 2 1
github.com/davidparkercodes/belay/internal/session/plugin.go:118.55,123.32 4 1
github.com/davidparkercodes/belay/internal/session/plugin.go:123.32,124.48 1 1
github.com/davidparkercodes/belay/internal/session/plugin.go:124.48,126.4 1 1
github.com/davidparkercodes/belay/internal/session/plugin.go:128.2,128.17 1 1
github.com/davidparkercodes/belay/internal/session/plugin.go:132.65,136.41 3 1
github.com/davidparkercodes/belay/internal/session/plugin.go:136.41,138.3 1 1
github.com/davidparkercodes/belay/internal/session/plugin.go:139.2,139.12 1 1
github.com/davidparkercodes/belay/internal/session/plugin.go:143.125,149.32 5 1
github.com/davidparkercodes/belay/internal/session/plugin.go:149.32,150.48 1 1
github.com/davidparkercodes/belay/internal/session/plugin.go:150.48,152.4 1 1
github.com/davidparkercodes/belay/internal/session/plugin.go:154.2,160.30 5 1
github.com/davidparkercodes/belay/internal/session/plugin.go:160.30,162.41 2 1
github.com/davidparkercodes/belay/internal/session/plugin.go:162.41,166.4 3 1
github.com/davidparkercodes/belay/internal/session/plugin.go:169.2,169.51 1 1
github.com/davidparkercodes/belay/internal/session/plugin.go:169.51,173.3 3 1
github.com/davidparkercodes/belay/internal/session/plugin.go:176.2,176.23 1 1
github.com/davidparkercodes/belay/internal/session/plugin.go:176.23,178.3 1 1
github.com/davidparkercodes/belay/internal/session/plugin.go:180.2,180.48 1 1
github.com/davidparkercodes/belay/internal/session/plugin.go:185.53,190.29 4 1
github.com/davidparkercodes/belay/internal/session/plugin.go:190.29,192.3 1 1
github.com/davidparkercodes/belay/internal/session/plugin.go:193.2,194.29 2 1
github.com/davidparkercodes/belay/internal/session/plugin.go:194.29,196.3 1 1
github.com/davidparkercodes/belay/internal/session/plugin.go:200.72,204.2 3 1
github.com/davidparkercodes/belay/internal/session/plugin.go:207.70,211.2 3 1
github.com/davidparkercodes/belay/internal/session/plugin.go:213.31,221.6 5 1
github.com/davidparkercodes/belay/internal/session/plugin.go:221.6,222.10 1 1
github.com/davidparkercodes/belay/internal/session/plugin.go:223.17,225.34 2 1
github.com/davidparkercodes/belay/internal/session/plugin.go:225.34,226.50 1 1
github.com/davidparkercodes/belay/internal/session/plugin.go:226.50,228.23 1 1
github.com/davidparkercodes/belay/internal/session/plugin.go:228.23,229.15 1 1
github.com/davidparkercodes/belay/internal/session/plugin.go:231.6,233.31 3 1
github.com/davidparkercodes/belay/internal/session/plugin.go:233.31,235.7 1 1
github.com/davidparkercodes/belay/internal/session/plugin.go:238.4,239.10 2 1
github.com/davidparkercodes/belay/internal/session/plugin.go:240.19,241.12 1 0
github.com/davidparkercodes/belay/internal/session/plugin.go:246.27,253.30 6 1
github.com/davidparkercodes/belay/internal/session/plugin.go:253.30,255.17 2 1
github.com/davidparkercodes/belay/internal/session/plugin.go:255.17,256.12 1 1
github.com/davidparkercodes/belay/internal/session/plugin.go:258.3,258.30 1 1
github.com/davidparkercodes/belay/internal/session/plugin.go:258.30,260.4 1 1
github.com/davidparkercodes/belay/internal/session/plugin.go:263.2,268.33 4 1
github.com/davidparkercodes/belay/internal/session/plugin.go:268.33,269.43 1 1
github.com/davidparkercodes/belay/internal/session/plugin.go:269.43,287.4 2 1
github.com/davidparkercodes/belay/internal/session/plugin.go:287.9,291.4 3 1
github.com/davidparkercodes/belay/internal/session/plugin.go:294.2,294.33 1 1
github.com/davidparkercodes/belay/internal/session/plugin.go:294.33,295.48 1 1
github.com/davidparkercodes/belay/internal/session/plugin.go:295.48,296.12 1 1
github.com/davidparkercodes/belay/internal/session/plugin.go:298.3,298.45 1 1
github.com/davidparkercodes/belay/internal/session/plugin.go:298.45,301.27 3 1
github.com/davidparkercodes/belay/internal/session/plugin.go:301.27,303.5 1 1
github.com/davidparkercodes/belay/internal/session/plugin.go:304.4,304.33 1 1
github.com/davidparkercodes/belay/internal/session/plugin.go:304.33,305.22 1 1
github.com/davidparkercodes/belay/internal/session/plugin.go:305.22,307.14 2 1
github.com/davidparkercodes/belay/internal/session/plugin.go:309.5,311.30 3 1
github.com/davidparkercodes/belay/internal/session/plugin.go:311.30,313.6 1 1
github.com/davidparkercodes/belay/internal/session/process_unix.go:15.39,17.16 2 1
github.com/davidparkercodes/belay/internal/session/process_unix.go:17.16,19.3 1 0
github.com/davidparkercodes/belay/internal/session/process_unix.go:20.2,20.25 1 1
github.com/davidparkercodes/belay/internal/session/process_unix.go:24.32,26.16 2 1
github.com/davidparkercodes/belay/internal/session/process_unix.go:26.16,28.3 1 1
github.com/davidparkercodes/belay/internal/session/process_unix.go:29.2,30.16 2 1
github.com/davidparkercodes/belay/internal/session/process_unix.go:30.16,32.3 1 0
github.com/davidparkercodes/belay/internal/session/process_unix.go:33.2,33.13 1 1
github.com/davidparkercodes/belay/internal/session/process_unix.go:37.40,39.16 2 1
github.com/davidparkercodes/belay/internal/session/process_unix.go:39.16,41.3 1 1
github.com/davidparkercodes/belay/internal/session/process_unix.go:42.2,42.39 1 1
github.com/davidparkercodes/belay/internal/session/process_unix.go:46.36,48.16 2 1
github.com/davidparkercodes/belay/internal/session/process_unix.go:48.16,50.3 1 1
github.com/davidparkercodes/belay/internal/session/process_unix.go:52.2,52.56 1 1
github.com/davidparkercodes/belay/internal/session/process_unix.go:52.56,53.35 1 1
github.com/davidparkercodes/belay/internal/session/process_unix.go:53.35,55.4 1 1
github.com/davidparkercodes/belay/internal/session/process_unix.go:57.2,57.11 1 0
github.com/davidparkercodes/belay/internal/session/process_unix.go:61.45,63.16 2 1
github.com/davidparkercodes/belay/internal/session/process_unix.go:63.16,65.3 1 1
github.com/davidparkercodes/belay/internal/session/process_unix.go:67.2,68.16 2 1
github.com/davidparkercodes/belay/internal/session/process_unix.go:68.16,70.17 2 0
github.com/davidparkercodes/belay/internal/session/process_unix.go:70.17,72.4 1 0
github.com/davidparkercodes/belay/internal/session/process_unix.go:74.2,74.10 1 1
github.com/davidparkercodes/belay/internal/session/process_unix.go:79.46,81.16 2 1
github.com/davidparkercodes/belay/internal/session/process_unix.go:81.16,83.3 1 1
github.com/davidparkercodes/belay/internal/session/process_unix.go:84.2,84.58 1 0
github.com/davidparkercodes/belay/internal/session/process_unix.go:84.58,85.51 1 0
github.com/davidparkercodes/belay/internal/session/process_unix.go:85.51,87.4 1 0
github.com/davidparkercodes/belay/internal/session/process_unix.go:89.2,89.11 1 0
github.com/davidparkercodes/belay/internal/index/health.go:12.42,14.16 2 1
github.com/davidparkercodes/belay/internal/index/health.go:14.16,16.3 1 0
github.com/davidparkercodes/belay/internal/index/health.go:17.2,20.76 3 1
github.com/davidparkercodes/belay/internal/index/health.go:20.76,22.3 1 1
github.com/davidparkercodes/belay/internal/index/health.go:24.2,24.20 1 1
github.com/davidparkercodes/belay/internal/index/health.go:24.20,26.3 1 0
github.com/davidparkercodes/belay/internal/index/health.go:28.2,28.12 1 1
github.com/davidparkercodes/belay/internal/index/index.go:78.42,80.16 2 1
github.com/davidparkercodes/belay/internal/index/index.go:80.16,82.3 1 0
github.com/davidparkercodes/belay/internal/index/index.go:84.2,91.33 2 1
github.com/davidparkercodes/belay/internal/index/index.go:91.33,92.44 1 1
github.com/davidparkercodes/belay/internal/index/index.go:92.44,95.4 2 1
github.com/davidparkercodes/belay/internal/index/index.go:98.2,98.49 1 1
github.com/davidparkercodes/belay/internal/index/index.go:98.49,101.3 2 0
github.com/davidparkercodes/belay/internal/index/index.go:103.2,103.28 1 1
github.com/davidparkercodes/belay/internal/index/index.go:107.38,109.16 2 1
github.com/davidparkercodes/belay/internal/index/index.go:109.16,111.3 1 0
github.com/davidparkercodes/belay/internal/index/index.go:112.2,112.12 1 1
github.com/davidparkercodes/belay/internal/index/index.go:116.33,117.19 1 1
github.com/davidparkercodes/belay/internal/index/index.go:117.19,119.3 1 1
github.com/davidparkercodes/belay/internal/index/index.go:120.2,120.12 1 0
github.com/davidparkercodes/belay/internal/index/index.go:124.98,126.27 2 1
github.com/davidparkercodes/belay/internal/index/index.go:126.27,128.17 2 1
github.com/davidparkercodes/belay/internal/index/index.go:128.17,130.4 1 1
github.com/davidparkercodes/belay/internal/index/index.go:133.2,145.16 2 1
github.com/davidparkercodes/belay/internal/index/index.go:145.16,147.3 1 1
github.com/davidparkercodes/belay/internal/index/index.go:148.2,148.12 1 1
github.com/davidparkercodes/belay/internal/index/index.go:156.10,158.16 2 1
github.com/davidparkercodes/belay/internal/index/index.go:158.16,160.3 1 0
github.com/davidparkercodes/belay/internal/index/index.go:161.2,170.16 3 1
github.com/davidparkercodes/belay/internal/index/index.go:170.16,172.3 1 0
github.com/davidparkercodes/belay/internal/index/index.go:173.2,175.27 2 1
github.com/davidparkercodes/belay/internal/index/index.go:175.27,177.30 2 1
github.com/davidparkercodes/belay/internal/index/index.go:177.30,179.18 2 1
github.com/davidparkercodes/belay/internal/index/index.go:179.18,181.5 1 1
github.com/davidparkercodes/belay/internal/index/index.go:184.3,190.17 2 1
github.com/davidparkercodes/belay/internal/index/index.go:190.17,192.4 1 0
github.com/davidparkercodes/belay/internal/index/index.go:195.2,195.20 1 1
github.com/davidparkercodes/belay/internal/index/index.go:199.66,203.17 3 1
github.com/davidparkercodes/belay/internal/index/index.go:203.17,205.3 1 1
github.com/davidparkercodes/belay/internal/index/index.go:207.2,217.17 2 1
github.com/davidparkercodes/belay/internal/index/index.go:217.17,219.3 1 1
github.com/davidparkercodes/belay/internal/index/index.go:220.2,220.18 1 1
github.com/davidparkercodes/belay/internal/index/index.go:220.18,222.3 1 1
github.com/davidparkercodes/belay/internal/index/index.go:224.2,225.16 2 1
github.com/davidparkercodes/belay/internal/index/index.go:225.16,227.3 1 1
github.com/davidparkercodes/belay/internal/index/index.go:228.2,230.25 2 1
github.com/davidparkercodes/belay/internal/index/index.go:234.67,243.2 2 1
github.com/davidparkercodes/belay/internal/index/index.go:246.48,250.2 3 1
github.com/davidparkercodes/belay/internal/index/index.go:253.69,257.2 3 0
github.com/davidparkercodes/belay/internal/index/index.go:260.68,264.2 3 0
github.com/davidparkercodes/belay/internal/index/index.go:267.84,268.16 1 1
github.com/davidparkercodes/belay/internal/index/index.go:268.16,270.3 1 1
github.com/davidparkercodes/belay/internal/index/index.go:272.2,281.16 2 1
github.com/davidparkercodes/belay/internal/index/index.go:281.16,283.3 1 0
github.com/davidparkercodes/belay/internal/index/index.go:284.2,286.25 2 1
github.com/davidparkercodes/belay/internal/index/index.go:290.71,302.2 2 1
github.com/davidparkercodes/belay/internal/index/index.go:305.64,307.29 2 1
github.com/davidparkercodes/belay/internal/index/index.go:307.29,309.17 2 1
github.com/davidparkercodes/belay/internal/index/index.go:309.17,311.4 1 1
github.com/davidparkercodes/belay/internal/index/index.go:314.2,315.31 2 1
github.com/davidparkercodes/belay/internal/index/index.go:315.31,317.3 1 1
github.com/davidparkercodes/belay/internal/index/index.go:319.2,330.16 2 1
github.com/davidparkercodes/belay/internal/index/index.go:330.16,332.3 1 0
github.com/davidparkercodes/belay/internal/index/index.go:333.2,333.12 1 1
github.com/davidparkercodes/belay/internal/index/index.go:337.50,341.2 3 0
github.com/davidparkercodes/belay/internal/index/index.go:344.56,348.2 3 0
github.com/davidparkercodes/belay/internal/index/index.go:351.73,359.2 2 1
github.com/davidparkercodes/belay/internal/index/index.go:362.102,371.16 4 1
github.com/davidparkercodes/belay/internal/index/index.go:371.16,373.3 1 1
github.com/davidparkercodes/belay/internal/index/index.go:374.2,374.19 1 1
github.com/davidparkercodes/belay/internal/index/index.go:374.19,377.3 2 1
github.com/davidparkercodes/belay/internal/index/index.go:378.2,378.25 1 1
github.com/davidparkercodes/belay/internal/index/index.go:378.25,380.3 1 1
github.com/davidparkercodes/belay/internal/index/index.go:381.2,383.15 2 1
github.com/davidparkercodes/belay/internal/index/index.go:383.15,385.3 1 0
github.com/davidparkercodes/belay/internal/index/index.go:387.2,388.16 2 1
github.com/davidparkercodes/belay/internal/index/index.go:388.16,390.3 1 0
github.com/davidparkercodes/belay/internal/index/index.go:391.2,394.18 3 1
github.com/davidparkercodes/belay/internal/index/index.go:394.18,396.17 2 1
github.com/davidparkercodes/belay/internal/index/index.go:396.17,398.4 1 0
github.com/davidparkercodes/belay/internal/index/index.go:399.3,399.33 1 1
github.com/davidparkercodes/belay/internal/index/index.go:401.2,401.29 1 1
github.com/davidparkercodes/belay/internal/index/index.go:409.71,411.16 2 0
github.com/davidparkercodes/belay/internal/index/index.go:411.16,413.3 1 0
github.com/davidparkercodes/belay/internal/index/index.go:414.2,417.18 3 0
github.com/davidparkercodes/belay/internal/index/index.go:417.18,419.57 2 0
github.com/davidparkercodes/belay/internal/index/index.go:419.57,421.4 1 0
github.com/davidparkercodes/belay/internal/index/index.go:422.3,422.29 1 0
github.com/davidparkercodes/belay/internal/index/index.go:424.2,424.27 1 0
github.com/davidparkercodes/belay/internal/index/index.go:427.67,429.16 2 0
github.com/davidparkercodes/belay/internal/index/index.go:429.16,431.3 1 0
github.com/davidparkercodes/belay/internal/index/index.go:432.2,435.18 3 0
github.com/davidparkercodes/belay/internal/index/index.go:435.18,437.57 2 0
github.com/davidparkercodes/belay/internal/index/index.go:437.57,439.4 1 0
github.com/davidparkercodes/belay/internal/index/index.go:440.3,440.29 1 0
github.com/davidparkercodes/belay/internal/index/index.go:442.2,442.27 1 0
github.com/davidparkercodes/belay/internal/index/index.go:445.81,450.16 2 0
github.com/davidparkercodes/belay/internal/index/index.go:450.16,452.3 1 0
github.com/davidparkercodes/belay/internal/index/index.go:453.2,453.12 1 0
github.com/davidparkercodes/belay/internal/index/index.go:457.69,459.16 2 1
github.com/davidparkercodes/belay/internal/index/index.go:459.16,461.3 1 0
github.com/davidparkercodes/belay/internal/index/index.go:462.2,463.15 2 1
github.com/davidparkercodes/belay/internal/index/index.go:463.15,465.3 1 1
github.com/davidparkercodes/belay/internal/index/index.go:466.2,466.12 1 1
github.com/davidparkercodes/belay/internal/index/index.go:470.57,474.17 3 1
github.com/davidparkercodes/belay/internal/index/index.go:474.17,477.3 2 1
github.com/davidparkercodes/belay/internal/index/index.go:478.2,478.17 1 1
github.com/davidparkercodes/belay/internal/index/index.go:478.17,481.3 2 1
github.com/davidparkercodes/belay/internal/index/index.go:482.2,482.25 1 1
github.com/davidparkercodes/belay/internal/index/index.go:482.25,484.32 2 1
github.com/davidparkercodes/belay/internal/index/index.go:484.32,487.4 2 1
github.com/davidparkercodes/belay/internal/index/index.go:488.3,488.102 1 1
github.com/davidparkercodes/belay/internal/index/index.go:490.2,490.26 1 1
github.com/davidparkercodes/belay/internal/index/index.go:490.26,492.34 2 1
github.com/davidparkercodes/belay/internal/index/index.go:492.34,493.62 1 1
github.com/davidparkercodes/belay/internal/index/index.go:493.62,498.5 4 1
github.com/davidparkercodes/belay/internal/index/index.go:498.10,501.5 2 1
github.com/davidparkercodes/belay/internal/index/index.go:503.3,503.80 1 1
github.com/davidparkercodes/belay/internal/index/index.go:505.2,505.27 1 1
github.com/davidparkercodes/belay/internal/index/index.go:505.27,507.35 2 1
github.com/davidparkercodes/belay/internal/index/index.go:507.35,510.4 2 1
github.com/davidparkercodes/belay/internal/index/index.go:511.3,511.101 1 1
github.com/davidparkercodes/belay/internal/index/index.go:513.2,513.29 1 1
github.com/davidparkercodes/belay/internal/index/index.go:513.29,516.36 3 0
github.com/davidparkercodes/belay/internal/index/index.go:516.36,517.15 1 0
github.com/davidparkercodes/belay/internal/index/index.go:517.15,519.5 1 0
github.com/davidparkercodes/belay/internal/index/index.go:519.10,521.5 1 0
github.com/davidparkercodes/belay/internal/index/index.go:523.3,524.26 2 0
github.com/davidparkercodes/belay/internal/index/index.go:524.26,526.33 2 0
github.com/davidparkercodes/belay/internal/index/index.go:526.33,529.5 2 0
github.com/davidparkercodes/belay/internal/index/index.go:530.4,530.101 1 0
github.com/davidparkercodes/belay/internal/index/index.go:532.3,532.22 1 0
github.com/davidparkercodes/belay/internal/index/index.go:532.22,534.4 1 0
github.com/davidparkercodes/belay/internal/index/index.go:535.3,535.21 1 0
github.com/davidparkercodes/belay/internal/index/index.go:535.21,537.4 1 0
github.com/davidparkercodes/belay/internal/index/index.go:540.2,540.26 1 1
github.com/davidparkercodes/belay/internal/index/index.go:540.26,542.3 1 1
github.com/davidparkercodes/belay/internal/index/index.go:543.2,543.59 1 1
github.com/davidparkercodes/belay/internal/index/index.go:546.58,548.18 2 1
github.com/davidparkercodes/belay/internal/index/index.go:548.18,560.17 6 1
github.com/davidparkercodes/belay/internal/index/index.go:560.17,562.4 1 0
github.com/davidparkercodes/belay/internal/index/index.go:564.3,567.49 4 1
github.com/davidparkercodes/belay/internal/index/index.go:567.49,568.80 1 1
github.com/davidparkercodes/belay/internal/index/index.go:568.80,570.5 1 0
github.com/davidparkercodes/belay/internal/index/index.go:573.3,573.34 1 1
github.com/davidparkercodes/belay/internal/index/index.go:575.2,575.27 1 1
github.com/davidparkercodes/belay/internal/index/index.go:582.54,594.16 6 1
github.com/davidparkercodes/belay/internal/index/index.go:594.16,595.27 1 1
github.com/davidparkercodes/belay/internal/index/index.go:595.27,597.4 1 1
github.com/davidparkercodes/belay/internal/index/index.go:598.3,598.48 1 0
github.com/davidparkercodes/belay/internal/index/index.go:601.2,604.48 4 1
github.com/davidparkercodes/belay/internal/index/index.go:604.48,605.79 1 1
github.com/davidparkercodes/belay/internal/index/index.go:605.79,607.4 1 0
github.com/davidparkercodes/belay/internal/index/index.go:610.2,610.20 1 1
github.com/davidparkercodes/belay/internal/index/index.go:613.58,623.16 5 1
github.com/davidparkercodes/belay/internal/index/index.go:623.16,624.27 1 1
github.com/davidparkercodes/belay/internal/index/index.go:624.27,626.4 1 1
github.com/davidparkercodes/belay/internal/index/index.go:627.3,627.50 1 0
github.com/davidparkercodes/belay/internal/index/index.go:630.2,631.16 2 1
github.com/davidparkercodes/belay/internal/index/index.go:634.67,644.16 5 1
github.com/davidparkercodes/belay/internal/index/index.go:644.16,646.3 1 0
github.com/davidparkercodes/belay/internal/index/index.go:648.2,649.16 2 1
github.com/davidparkercodes/belay/internal/index/index.go:652.108,653.19 1 1
github.com/davidparkercodes/belay/internal/index/index.go:654.16,655.34 1 1
github.com/davidparkercodes/belay/internal/index/index.go:656.15,657.33 1 1
github.com/davidparkercodes/belay/internal/index/index.go:658.17,659.35 1 0
github.com/davidparkercodes/belay/internal/index/index.go:662.2,662.19 1 1
github.com/davidparkercodes/belay/internal/index/index.go:662.19,664.3 1 1
github.com/davidparkercodes/belay/internal/index/index.go:665.2,665.17 1 1
github.com/davidparkercodes/belay/internal/index/index.go:665.17,667.3 1 1
github.com/davidparkercodes/belay/internal/index/index.go:669.2,669.48 1 1
github.com/davidparkercodes/belay/internal/index/index.go:669.48,670.75 1 1
github.com/davidparkercodes/belay/internal/index/index.go:670.75,672.4 1 0
github.com/davidparkercodes/belay/internal/index/index.go:677.53,679.16 2 0
github.com/davidparkercodes/belay/internal/index/index.go:679.16,681.3 1 0
github.com/davidparkercodes/belay/internal/index/index.go:682.2,683.15 2 0
github.com/davidparkercodes/belay/internal/index/index.go:683.15,685.3 1 0
github.com/davidparkercodes/belay/internal/index/index.go:686.2,686.12 1 0
github.com/davidparkercodes/belay/internal/index/index.go:690.71,691.24 1 0
github.com/davidparkercodes/belay/internal/index/index.go:691.24,693.3 1 0
github.com/davidparkercodes/belay/internal/index/index.go:695.2,696.16 2 0
github.com/davidparkercodes/belay/internal/index/index.go:696.16,698.3 1 0
github.com/davidparkercodes/belay/internal/index/index.go:699.2,702.16 3 0
github.com/davidparkercodes/belay/internal/index/index.go:702.16,704.3 1 0
github.com/davidparkercodes/belay/internal/index/index.go:705.2,708.30 3 0
github.com/davidparkercodes/belay/internal/index/index.go:708.30,710.17 2 0
github.com/davidparkercodes/belay/internal/index/index.go:710.17,712.4 1 0
github.com/davidparkercodes/belay/internal/index/index.go:713.3,714.13 2 0
github.com/davidparkercodes/belay/internal/index/index.go:717.2,717.36 1 0
github.com/davidparkercodes/belay/internal/index/index.go:717.36,719.3 1 0
github.com/davidparkercodes/belay/internal/index/index.go:720.2,720.19 1 0
github.com/davidparkercodes/belay/internal/index/index.go:725.71,727.16 2 0
github.com/davidparkercodes/belay/internal/index/index.go:727.16,729.3 1 0
github.com/davidparkercodes/belay/internal/index/index.go:730.2,730.30 1 0
github.com/davidparkercodes/belay/internal/index/index.go:734.66,739.16 2 1
github.com/davidparkercodes/belay/internal/index/index.go:739.16,741.3 1 0
github.com/davidparkercodes/belay/internal/index/index.go:742.2,745.18 3 1
github.com/davidparkercodes/belay/internal/index/index.go:745.18,747.39 2 1
github.com/davidparkercodes/belay/internal/index/index.go:747.39,749.4 1 0
github.com/davidparkercodes/belay/internal/index/index.go:750.3,750.14 1 1
github.com/davidparkercodes/belay/internal/index/index.go:750.14,752.4 1 1
github.com/davidparkercodes/belay/internal/index/index.go:754.2,754.27 1 1
github.com/davidparkercodes/belay/internal/index/index.go:757.28,758.7 1 1
github.com/davidparkercodes/belay/internal/index/index.go:758.7,760.3 1 1
github.com/davidparkercodes/belay/internal/index/index.go:761.2,761.10 1 1
github.com/davidparkercodes/belay/internal/index/rebuild.go:32.94,36.46 2 1
github.com/davidparkercodes/belay/internal/index/rebuild.go:36.46,39.58 3 1
github.com/davidparkercodes/belay/internal/index/rebuild.go:39.58,41.4 1 0
github.com/davidparkercodes/belay/internal/index/rebuild.go:45.2,52.16 6 1
github.com/davidparkercodes/belay/internal/index/rebuild.go:52.16,54.3 1 0
github.com/davidparkercodes/belay/internal/index/rebuild.go:55.2,59.16 3 1
github.com/davidparkercodes/belay/internal/index/rebuild.go:59.16,61.3 1 0
github.com/davidparkercodes/belay/internal/index/rebuild.go:63.2,73.35 8 1
github.com/davidparkercodes/belay/internal/index/rebuild.go:73.35,76.17 3 1
github.com/davidparkercodes/belay/internal/index/rebuild.go:76.17,78.12 2 0
github.com/davidparkercodes/belay/internal/index/rebuild.go:81.3,91.32 4 1
github.com/davidparkercodes/belay/internal/index/rebuild.go:91.32,104.31 3 1
github.com/davidparkercodes/belay/internal/index/rebuild.go:104.31,105.54 1 1
github.com/davidparkercodes/belay/internal/index/rebuild.go:105.54,107.6 1 0
github.com/davidparkercodes/belay/internal/index/rebuild.go:108.5,109.22 2 1
github.com/davidparkercodes/belay/internal/index/rebuild.go:114.3,114.21 1 1
github.com/davidparkercodes/belay/internal/index/rebuild.go:114.21,115.53 1 1
github.com/davidparkercodes/belay/internal/index/rebuild.go:115.53,117.5 1 0
github.com/davidparkercodes/belay/internal/index/rebuild.go:118.4,118.29 1 1
github.com/davidparkercodes/belay/internal/index/rebuild.go:123.2,124.29 2 1
github.com/davidparkercodes/belay/internal/index/rebuild.go:124.29,125.46 1 1
github.com/davidparkercodes/belay/internal/index/rebuild.go:125.46,127.12 2 0
github.com/davidparkercodes/belay/internal/index/rebuild.go:129.3,129.18 1 1
github.com/davidparkercodes/belay/internal/index/rebuild.go:133.2,134.16 2 1
github.com/davidparkercodes/belay/internal/index/rebuild.go:134.16,136.3 1 0
github.com/davidparkercodes/belay/internal/index/rebuild.go:138.2,146.8 2 1
github.com/davidparkercodes/belay/internal/index/rebuild.go:162.73,164.16 2 1
github.com/davidparkercodes/belay/internal/index/rebuild.go:164.16,166.3 1 1
github.com/davidparkercodes/belay/internal/index/rebuild.go:168.2,172.25 4 1
github.com/davidparkercodes/belay/internal/index/rebuild.go:172.25,174.28 1 1
github.com/davidparkercodes/belay/internal/index/rebuild.go:174.28,175.9 1 1
github.com/davidparkercodes/belay/internal/index/rebuild.go:178.3,181.79 2 1
github.com/davidparkercodes/belay/internal/index/rebuild.go:181.79,184.12 3 1
github.com/davidparkercodes/belay/internal/index/rebuild.go:187.3,190.38 3 1
github.com/davidparkercodes/belay/internal/index/rebuild.go:190.38,193.12 3 1
github.com/davidparkercodes/belay/internal/index/rebuild.go:196.3,202.41 5 1
github.com/davidparkercodes/belay/internal/index/rebuild.go:202.41,205.18 2 1
github.com/davidparkercodes/belay/internal/index/rebuild.go:205.18,208.13 3 1
github.com/davidparkercodes/belay/internal/index/rebuild.go:214.3,215.19 2 1
github.com/davidparkercodes/belay/internal/index/rebuild.go:215.19,219.12 4 1
github.com/davidparkercodes/belay/internal/index/rebuild.go:223.3,224.11 2 0
github.com/davidparkercodes/belay/internal/index/rebuild.go:227.2,227.30 1 1
github.com/davidparkercodes/belay/internal/index/rebuild.go:231.65,233.57 2 1
github.com/davidparkercodes/belay/internal/index/rebuild.go:233.57,235.3 1 1
github.com/davidparkercodes/belay/internal/index/rebuild.go:236.2,236.20 1 1
github.com/davidparkercodes/belay/internal/index/rebuild.go:241.57,243.45 1 1
github.com/davidparkercodes/belay/internal/index/rebuild.go:243.45,244.28 1 1
github.com/davidparkercodes/belay/internal/index/rebuild.go:244.28,246.18 2 1
github.com/davidparkercodes/belay/internal/index/rebuild.go:246.18,248.5 1 1
github.com/davidparkercodes/belay/internal/index/rebuild.go:251.2,251.12 1 1
github.com/davidparkercodes/belay/internal/index/rebuild.go:257.118,258.27 1 1
github.com/davidparkercodes/belay/internal/index/rebuild.go:258.27,260.3 1 1
github.com/davidparkercodes/belay/internal/index/rebuild.go:262.2,265.66 2 1
github.com/davidparkercodes/belay/internal/index/rebuild.go:265.66,268.20 2 1
github.com/davidparkercodes/belay/internal/index/rebuild.go:269.24,276.47 2 1
github.com/davidparkercodes/belay/internal/index/rebuild.go:276.47,277.53 1 1
github.com/davidparkercodes/belay/internal/index/rebuild.go:277.53,279.6 1 1
github.com/davidparkercodes/belay/internal/index/rebuild.go:281.4,282.10 2 1
github.com/davidparkercodes/belay/internal/index/rebuild.go:284.22,285.34 1 1
github.com/davidparkercodes/belay/internal/index/rebuild.go:285.34,287.37 2 1
github.com/davidparkercodes/belay/internal/index/rebuild.go:288.18,289.36 1 1
github.com/davidparkercodes/belay/internal/index/rebuild.go:290.20,291.38 1 1
github.com/davidparkercodes/belay/internal/index/rebuild.go:294.4,294.10 1 1
github.com/davidparkercodes/belay/internal/index/rebuild.go:299.2,300.9 2 1
github.com/davidparkercodes/belay/internal/index/rebuild.go:300.9,303.28 2 1
github.com/davidparkercodes/belay/internal/index/rebuild.go:303.28,304.49 1 1
github.com/davidparkercodes/belay/internal/index/rebuild.go:304.49,306.5 1 1
github.com/davidparkercodes/belay/internal/index/rebuild.go:308.3,315.44 3 1
github.com/davidparkercodes/belay/internal/index/rebuild.go:318.2,320.9 3 1
github.com/davidparkercodes/belay/internal/index/rebuild.go:320.9,323.3 2 1
github.com/davidparkercodes/belay/internal/index/rebuild.go:324.2,324.28 1 1
github.com/davidparkercodes/belay/internal/index/rebuild.go:324.28,327.3 2 1
github.com/davidparkercodes/belay/internal/index/rebuild.go:331.59,333.16 2 1
github.com/davidparkercodes/belay/internal/index/rebuild.go:333.16,334.25 1 1
github.com/davidparkercodes/belay/internal/index/rebuild.go:334.25,336.4 1 1
github.com/davidparkercodes/belay/internal/index/rebuild.go:337.3,337.59 1 0
github.com/davidparkercodes/belay/internal/index/rebuild.go:340.2,341.32 2 1
github.com/davidparkercodes/belay/internal/index/rebuild.go:341.32,342.64 1 1
github.com/davidparkercodes/belay/internal/index/rebuild.go:342.64,344.4 1 1
github.com/davidparkercodes/belay/internal/index/rebuild.go:346.2,346.22 1 1
github.com/davidparkercodes/belay/internal/eventlog/reader.go:19.51,20.46 1 1
github.com/davidparkercodes/belay/internal/eventlog/reader.go:20.46,22.3 1 1
github.com/davidparkercodes/belay/internal/eventlog/reader.go:23.2,23.43 1 1
github.com/davidparkercodes/belay/internal/eventlog/reader.go:27.47,29.2 1 1
github.com/davidparkercodes/belay/internal/eventlog/reader.go:32.72,35.16 3 1
github.com/davidparkercodes/belay/internal/eventlog/reader.go:35.16,37.3 1 1
github.com/davidparkercodes/belay/internal/eventlog/reader.go:39.2,39.34 1 1
github.com/davidparkercodes/belay/internal/eventlog/reader.go:43.53,45.16 2 1
github.com/davidparkercodes/belay/internal/eventlog/reader.go:45.16,47.3 1 1
github.com/davidparkercodes/belay/internal/eventlog/reader.go:49.2,50.31 2 1
github.com/davidparkercodes/belay/internal/eventlog/reader.go:50.31,52.17 2 1
github.com/davidparkercodes/belay/internal/eventlog/reader.go:52.17,54.12 2 1
github.com/davidparkercodes/belay/internal/eventlog/reader.go:56.3,56.43 1 1
github.com/davidparkercodes/belay/internal/eventlog/reader.go:59.2,59.23 1 1
github.com/davidparkercodes/belay/internal/eventlog/reader.go:63.86,66.16 3 1
github.com/davidparkercodes/belay/internal/eventlog/reader.go:66.16,68.3 1 1
github.com/davidparkercodes/belay/internal/eventlog/reader.go:70.2,70.32 1 1
github.com/davidparkercodes/belay/internal/eventlog/reader.go:70.32,72.3 1 1
github.com/davidparkercodes/belay/internal/eventlog/reader.go:74.2,74.43 1 1
github.com/davidparkercodes/belay/internal/eventlog/reader.go:85.85,88.16 3 1
github.com/davidparkercodes/belay/internal/eventlog/reader.go:88.16,90.3 1 1
github.com/davidparkercodes/belay/internal/eventlog/reader.go:92.2,96.23 4 1
github.com/davidparkercodes/belay/internal/eventlog/reader.go:96.23,98.17 2 1
github.com/davidparkercodes/belay/internal/eventlog/reader.go:98.17,99.9 1 1
github.com/davidparkercodes/belay/internal/eventlog/reader.go:101.3,106.29 2 1
github.com/davidparkercodes/belay/internal/eventlog/reader.go:109.2,109.21 1 1
github.com/davidparkercodes/belay/internal/eventlog/reader.go:112.64,116.23 3 1
github.com/davidparkercodes/belay/internal/eventlog/reader.go:116.23,118.17 2 1
github.com/davidparkercodes/belay/internal/eventlog/reader.go:118.17,119.51 1 1
github.com/davidparkercodes/belay/internal/eventlog/reader.go:119.51,120.10 1 0
github.com/davidparkercodes/belay/internal/eventlog/reader.go:122.4,122.9 1 1
github.com/davidparkercodes/belay/internal/eventlog/reader.go:124.3,124.33 1 1
github.com/davidparkercodes/belay/internal/eventlog/reader.go:127.2,127.20 1 1
github.com/davidparkercodes/belay/internal/eventlog/writer.go:35.74,36.53 1 1
github.com/davidparkercodes/belay/internal/eventlog/writer.go:36.53,38.3 1 0
github.com/davidparkercodes/belay/internal/eventlog/writer.go:40.2,46.16 3 1
github.com/davidparkercodes/belay/internal/eventlog/writer.go:46.16,48.3 1 0
github.com/davidparkercodes/belay/internal/eventlog/writer.go:50.2,50.23 1 1
github.com/davidparkercodes/belay/internal/eventlog/writer.go:50.23,52.47 2 1
github.com/davidparkercodes/belay/internal/eventlog/writer.go:52.47,54.4 1 1
github.com/davidparkercodes/belay/internal/eventlog/writer.go:55.8,56.43 1 1
github.com/davidparkercodes/belay/internal/eventlog/writer.go:56.43,58.4 1 0
github.com/davidparkercodes/belay/internal/eventlog/writer.go:61.2,61.15 1 1
github.com/davidparkercodes/belay/internal/eventlog/writer.go:65.52,70.16 4 1
github.com/davidparkercodes/belay/internal/eventlog/writer.go:70.16,72.3 1 0
github.com/davidparkercodes/belay/internal/eventlog/writer.go:74.2,74.77 1 1
github.com/davidparkercodes/belay/internal/eventlog/writer.go:74.77,75.43 1 1
github.com/davidparkercodes/belay/internal/eventlog/writer.go:75.43,77.4 1 0
github.com/davidparkercodes/belay/internal/eventlog/writer.go:80.2,81.16 2 1
github.com/davidparkercodes/belay/internal/eventlog/writer.go:81.16,83.3 1 1
github.com/davidparkercodes/belay/internal/eventlog/writer.go:84.2,86.12 2 1
github.com/davidparkercodes/belay/internal/eventlog/writer.go:90.31,94.26 3 1
github.com/davidparkercodes/belay/internal/eventlog/writer.go:94.26,96.3 1 1
github.com/davidparkercodes/belay/internal/eventlog/writer.go:97.2,97.12 1 1
github.com/davidparkercodes/belay/internal/eventlog/writer.go:101.32,105.26 3 1
github.com/davidparkercodes/belay/internal/eventlog/writer.go:105.26,106.46 1 1
github.com/davidparkercodes/belay/internal/eventlog/writer.go:106.46,109.4 2 1
github.com/davidparkercodes/belay/internal/eventlog/writer.go:110.3,110.31 1 1
github.com/davidparkercodes/belay/internal/eventlog/writer.go:112.2,112.12 1 1
github.com/davidparkercodes/belay/internal/eventlog/writer.go:116.42,120.2 3 1
github.com/davidparkercodes/belay/internal/eventlog/writer.go:123.40,127.2 3 1
github.com/davidparkercodes/belay/internal/eventlog/writer.go:129.53,132.16 3 1
github.com/davidparkercodes/belay/internal/eventlog/writer.go:132.16,134.3 1 1
github.com/davidparkercodes/belay/internal/eventlog/writer.go:136.2,137.16 2 1
github.com/davidparkercodes/belay/internal/eventlog/writer.go:137.16,140.3 2 0
github.com/davidparkercodes/belay/internal/eventlog/writer.go:142.2,145.12 4 1
github.com/davidparkercodes/belay/internal/eventlog/writer.go:148.40,149.26 1 1
github.com/davidparkercodes/belay/internal/eventlog/writer.go:149.26,150.46 1 1
github.com/davidparkercodes/belay/internal/eventlog/writer.go:150.46,152.4 1 0
github.com/davidparkercodes/belay/internal/eventlog/writer.go:153.3,153.47 1 1
github.com/davidparkercodes/belay/internal/eventlog/writer.go:153.47,155.4 1 0
github.com/davidparkercodes/belay/internal/eventlog/writer.go:158.2,161.20 3 1
github.com/davidparkercodes/belay/internal/eventlog/writer.go:161.20,162.50 1 1
github.com/davidparkercodes/belay/internal/eventlog/writer.go:162.50,163.9 1 1
github.com/davidparkercodes/belay/internal/eventlog/writer.go:165.3,166.46 2 1
github.com/davidparkercodes/belay/internal/eventlog/writer.go:169.2,170.16 2 1
github.com/davidparkercodes/belay/internal/eventlog/writer.go:170.16,172.3 1 0
github.com/davidparkercodes/belay/internal/eventlog/writer.go:174.2,177.12 4 1
github.com/davidparkercodes/belay/internal/eventlog/writer.go:180.55,182.16 2 1
github.com/davidparkercodes/belay/internal/eventlog/writer.go:182.16,183.25 1 1
github.com/davidparkercodes/belay/internal/eventlog/writer.go:183.25,185.4 1 1
github.com/davidparkercodes/belay/internal/eventlog/writer.go:186.3,186.18 1 1
github.com/davidparkercodes/belay/internal/eventlog/writer.go:189.2,190.32 2 1
github.com/davidparkercodes/belay/internal/eventlog/writer.go:190.32,191.71 1 1
github.com/davidparkercodes/belay/internal/eventlog/writer.go:191.71,193.4 1 1
github.com/davidparkercodes/belay/internal/eventlog/writer.go:196.2,197.22 2 1
github.com/davidparkercodes/belay/internal/replay/replay.go:57.103,63.16 2 1
github.com/davidparkercodes/belay/internal/replay/replay.go:63.16,65.3 1 0
github.com/davidparkercodes/belay/internal/replay/replay.go:67.2,67.22 1 1
github.com/davidparkercodes/belay/internal/replay/replay.go:67.22,69.3 1 1
github.com/davidparkercodes/belay/internal/replay/replay.go:71.2,71.35 1 1
github.com/davidparkercodes/belay/internal/replay/replay.go:71.35,73.3 1 0
github.com/davidparkercodes/belay/internal/replay/replay.go:75.2,90.28 4 1
github.com/davidparkercodes/belay/internal/replay/replay.go:90.28,93.14 3 1
github.com/davidparkercodes/belay/internal/replay/replay.go:93.14,99.4 2 1
github.com/davidparkercodes/belay/internal/replay/replay.go:100.3,102.12 3 1
github.com/davidparkercodes/belay/internal/replay/replay.go:105.2,105.32 1 1
github.com/davidparkercodes/belay/internal/replay/replay.go:105.32,107.18 2 1
github.com/davidparkercodes/belay/internal/replay/replay.go:107.18,108.12 1 1
github.com/davidparkercodes/belay/internal/replay/replay.go:111.3,117.4 1 1
github.com/davidparkercodes/belay/internal/replay/replay.go:120.2,120.20 1 1
github.com/davidparkercodes/belay/internal/replay/replay.go:123.95,124.31 1 1
github.com/davidparkercodes/belay/internal/replay/replay.go:124.31,125.33 1 1
github.com/davidparkercodes/belay/internal/replay/replay.go:125.33,127.4 1 1
github.com/davidparkercodes/belay/internal/replay/replay.go:128.3,128.18 1 1
github.com/davidparkercodes/belay/internal/replay/replay.go:131.2,131.32 1 1
github.com/davidparkercodes/belay/internal/replay/replay.go:131.32,133.3 1 1
github.com/davidparkercodes/belay/internal/replay/replay.go:135.2,135.27 1 1
github.com/davidparkercodes/belay/internal/replay/replay.go:135.27,137.3 1 1
github.com/davidparkercodes/belay/internal/replay/replay.go:139.2,139.17 1 1
github.com/davidparkercodes/belay/internal/replay/replay.go:145.75,152.6 3 1
github.com/davidparkercodes/belay/internal/replay/replay.go:152.6,159.17 2 1
github.com/davidparkercodes/belay/internal/replay/replay.go:159.17,161.4 1 0
github.com/davidparkercodes/belay/internal/replay/replay.go:163.3,163.23 1 1
github.com/davidparkercodes/belay/internal/replay/replay.go:163.23,164.9 1 1
github.com/davidparkercodes/belay/internal/replay/replay.go:167.3,167.29 1 1
github.com/davidparkercodes/belay/internal/replay/replay.go:167.29,168.32 1 1
github.com/davidparkercodes/belay/internal/replay/replay.go:168.32,170.5 1 1
github.com/davidparkercodes/belay/internal/replay/replay.go:170.10,177.5 1 1
github.com/davidparkercodes/belay/internal/replay/replay.go:179.4,179.52 1 1
github.com/davidparkercodes/belay/internal/replay/replay.go:179.52,181.5 1 1
github.com/davidparkercodes/belay/internal/replay/replay.go:184.3,184.38 1 1
github.com/davidparkercodes/belay/internal/replay/replay.go:184.38,185.9 1 1
github.com/davidparkercodes/belay/internal/replay/replay.go:187.3,187.24 1 0
github.com/davidparkercodes/belay/internal/replay/replay.go:190.2,190.22 1 1
github.com/davidparkercodes/belay/internal/replay/replay.go:194.95,196.16 2 1
github.com/davidparkercodes/belay/internal/replay/replay.go:196.16,198.3 1 1
github.com/davidparkercodes/belay/internal/replay/replay.go:200.2,201.33 2 1
github.com/davidparkercodes/belay/internal/replay/replay.go:201.33,203.3 1 1
github.com/davidparkercodes/belay/internal/replay/replay.go:204.2,208.29 3 1
github.com/davidparkercodes/belay/internal/replay/replay.go:208.29,213.23 3 1
github.com/davidparkercodes/belay/internal/replay/replay.go:214.17,217.18 3 1
github.com/davidparkercodes/belay/internal/replay/replay.go:217.18,219.5 1 1
github.com/davidparkercodes/belay/internal/replay/replay.go:220.4,220.32 1 1
github.com/davidparkercodes/belay/internal/replay/replay.go:222.17,224.18 2 1
github.com/davidparkercodes/belay/internal/replay/replay.go:224.18,226.5 1 1
github.com/davidparkercodes/belay/internal/replay/replay.go:227.4,228.19 2 1
github.com/davidparkercodes/belay/internal/replay/replay.go:230.17,232.18 2 1
github.com/davidparkercodes/belay/internal/replay/replay.go:232.18,234.5 1 1
github.com/davidparkercodes/belay/internal/replay/replay.go:235.4,238.18 3 1
github.com/davidparkercodes/belay/internal/replay/replay.go:238.18,240.5 1 1
github.com/davidparkercodes/belay/internal/replay/replay.go:241.4,241.32 1 1
github.com/davidparkercodes/belay/internal/replay/replay.go:244.3,245.17 2 1
github.com/davidparkercodes/belay/internal/replay/replay.go:245.17,247.4 1 1
github.com/davidparkercodes/belay/internal/replay/replay.go:250.2,250.28 1 1
github.com/davidparkercodes/belay/internal/replay/replay.go:254.127,256.16 2 1
github.com/davidparkercodes/belay/internal/replay/replay.go:256.16,258.3 1 1
github.com/davidparkercodes/belay/internal/replay/replay.go:260.2,261.33 2 1
github.com/davidparkercodes/belay/internal/replay/replay.go:261.33,263.3 1 1
github.com/davidparkercodes/belay/internal/replay/replay.go:264.2,268.29 3 1
github.com/davidparkercodes/belay/internal/replay/replay.go:268.29,273.13 4 1
github.com/davidparkercodes/belay/internal/replay/replay.go:273.13,274.12 1 1
github.com/davidparkercodes/belay/internal/replay/replay.go:277.3,277.23 1 1
github.com/davidparkercodes/belay/internal/replay/replay.go:278.27,280.18 2 1
github.com/davidparkercodes/belay/internal/replay/replay.go:280.18,282.5 1 1
github.com/davidparkercodes/belay/internal/replay/replay.go:284.4,285.49 2 1
github.com/davidparkercodes/belay/internal/replay/replay.go:285.49,287.5 1 0
github.com/davidparkercodes/belay/internal/replay/replay.go:289.4,289.64 1 1
github.com/davidparkercodes/belay/internal/replay/replay.go:289.64,291.5 1 0
github.com/davidparkercodes/belay/internal/replay/replay.go:293.17,294.69 1 1
github.com/davidparkercodes/belay/internal/replay/replay.go:294.69,296.5 1 0
github.com/davidparkercodes/belay/internal/replay/replay.go:298.4,298.56 1 1
github.com/davidparkercodes/belay/internal/replay/replay.go:302.2,302.22 1 1
github.com/davidparkercodes/belay/internal/replay/replay.go:305.42,306.46 1 1
github.com/davidparkercodes/belay/internal/replay/replay.go:306.46,308.37 2 1
github.com/davidparkercodes/belay/internal/replay/replay.go:308.37,309.9 1 0
github.com/davidparkercodes/belay/internal/replay/replay.go:311.3,312.26 2 1
github.com/davidparkercodes/belay/internal/replay/replay.go:317.68,322.66 3 1
github.com/davidparkercodes/belay/internal/replay/replay.go:322.66,325.3 1 1
github.com/davidparkercodes/belay/internal/replay/replay.go:327.2,329.21 2 1
github.com/davidparkercodes/belay/internal/replay/replay.go:329.21,331.3 1 1
github.com/davidparkercodes/belay/internal/replay/replay.go:333.2,343.29 9 1
github.com/davidparkercodes/belay/internal/replay/replay.go:343.29,345.3 1 1
github.com/davidparkercodes/belay/internal/replay/replay.go:347.2,347.21 1 1
github.com/davidparkercodes/belay/internal/replay/replay.go:373.39,374.16 1 1
github.com/davidparkercodes/belay/internal/replay/replay.go:374.16,376.3 1 1
github.com/davidparkercodes/belay/internal/replay/replay.go:377.2,378.49 2 1
github.com/davidparkercodes/belay/internal/replay/replay.go:378.49,380.3 1 1
github.com/davidparkercodes/belay/internal/replay/replay.go:381.2,381.14 1 1
github.com/davidparkercodes/belay/internal/replay/replay.go:384.55,390.37 3 1
github.com/davidparkercodes/belay/internal/replay/replay.go:390.37,392.33 2 1
github.com/davidparkercodes/belay/internal/replay/replay.go:392.33,394.4 1 1
github.com/davidparkercodes/belay/internal/replay/replay.go:395.3,395.33 1 1
github.com/davidparkercodes/belay/internal/replay/replay.go:395.33,397.4 1 1
github.com/davidparkercodes/belay/internal/replay/replay.go:398.3,398.15 1 1
github.com/davidparkercodes/belay/internal/replay/replay.go:401.2,402.26 2 1
github.com/davidparkercodes/belay/internal/replay/replay.go:402.26,404.3 1 1
github.com/davidparkercodes/belay/internal/replay/replay.go:405.2,405.26 1 1
github.com/davidparkercodes/belay/internal/replay/replay.go:405.26,406.27 1 1
github.com/davidparkercodes/belay/internal/replay/replay.go:406.27,407.38 1 1
github.com/davidparkercodes/belay/internal/replay/replay.go:407.38,409.5 1 1
github.com/davidparkercodes/belay/internal/replay/replay.go:409.10,409.41 1 1
github.com/davidparkercodes/belay/internal/replay/replay.go:409.41,411.5 1 1
github.com/davidparkercodes/belay/internal/replay/replay.go:411.10,413.5 1 1
github.com/davidparkercodes/belay/internal/replay/replay.go:417.2,419.21 3 1
github.com/davidparkercodes/belay/internal/replay/replay.go:419.21,420.55 1 1
github.com/davidparkercodes/belay/internal/replay/replay.go:420.55,429.4 3 1
github.com/davidparkercodes/belay/internal/replay/replay.go:429.9,429.61 1 1
github.com/davidparkercodes/belay/internal/replay/replay.go:429.61,437.4 2 1
github.com/davidparkercodes/belay/internal/replay/replay.go:437.9,445.4 2 1
github.com/davidparkercodes/belay/internal/replay/replay.go:448.2,448.82 1 1
github.com/davidparkercodes/belay/internal/replay/replay.go:448.82,450.3 1 1
github.com/davidparkercodes/belay/internal/replay/replay.go:452.2,452.14 1 1
github.com/davidparkercodes/belay/internal/replay/replay.go:455.67,456.21 1 1
github.com/davidparkercodes/belay/internal/replay/replay.go:456.21,458.3 1 0
github.com/davidparkercodes/belay/internal/replay/replay.go:460.2,469.26 5 1
github.com/davidparkercodes/belay/internal/replay/replay.go:469.26,470.24 1 1
github.com/davidparkercodes/belay/internal/replay/replay.go:470.24,471.17 1 1
github.com/davidparkercodes/belay/internal/replay/replay.go:471.17,474.5 2 1
github.com/davidparkercodes/belay/internal/replay/replay.go:475.4,475.22 1 1
github.com/davidparkercodes/belay/internal/replay/replay.go:476.9,477.16 1 1
github.com/davidparkercodes/belay/internal/replay/replay.go:477.16,480.5 2 1
github.com/davidparkercodes/belay/internal/replay/replay.go:483.2,483.14 1 1
github.com/davidparkercodes/belay/internal/replay/replay.go:483.14,485.3 1 1
github.com/davidparkercodes/belay/internal/replay/replay.go:487.2,487.23 1 1
github.com/davidparkercodes/belay/internal/replay/replay.go:487.23,489.3 1 1
github.com/davidparkercodes/belay/internal/replay/replay.go:491.2,502.36 4 1
github.com/davidparkercodes/belay/internal/replay/replay.go:502.36,506.35 3 1
github.com/davidparkercodes/belay/internal/replay/replay.go:506.35,508.4 1 1
github.com/davidparkercodes/belay/internal/replay/replay.go:508.9,511.4 2 0
github.com/davidparkercodes/belay/internal/replay/replay.go:513.2,516.32 3 1
github.com/davidparkercodes/belay/internal/replay/replay.go:516.32,525.29 7 1
github.com/davidparkercodes/belay/internal/replay/replay.go:525.29,526.16 1 1
github.com/davidparkercodes/belay/internal/replay/replay.go:527.19,528.23 1 1
github.com/davidparkercodes/belay/internal/replay/replay.go:528.23,530.6 1 1
github.com/davidparkercodes/belay/internal/replay/replay.go:531.5,531.23 1 1
github.com/davidparkercodes/belay/internal/replay/replay.go:531.23,533.6 1 1
github.com/davidparkercodes/belay/internal/replay/replay.go:534.5,535.15 2 1
github.com/davidparkercodes/belay/internal/replay/replay.go:536.20,537.23 1 1
github.com/davidparkercodes/belay/internal/replay/replay.go:537.23,539.6 1 1
github.com/davidparkercodes/belay/internal/replay/replay.go:540.5,540.15 1 1
github.com/davidparkercodes/belay/internal/replay/replay.go:541.20,542.23 1 1
github.com/davidparkercodes/belay/internal/replay/replay.go:542.23,544.6 1 1
github.com/davidparkercodes/belay/internal/replay/replay.go:545.5,545.15 1 1
github.com/davidparkercodes/belay/internal/replay/replay.go:549.3,549.19 1 1
github.com/davidparkercodes/belay/internal/replay/replay.go:549.19,551.4 1 1
github.com/davidparkercodes/belay/internal/replay/replay.go:552.3,552.19 1 1
github.com/davidparkercodes/belay/internal/replay/replay.go:552.19,554.4 1 1
github.com/davidparkercodes/belay/internal/replay/replay.go:555.3,558.20 3 1
github.com/davidparkercodes/belay/internal/replay/replay.go:558.20,560.4 1 1
github.com/davidparkercodes/belay/internal/replay/replay.go:561.3,561.20 1 1
github.com/davidparkercodes/belay/internal/replay/replay.go:561.20,563.4 1 1
github.com/davidparkercodes/belay/internal/replay/replay.go:565.3,568.27 3 1
github.com/davidparkercodes/belay/internal/replay/replay.go:571.2,571.14 1 1
github.com/davidparkercodes/belay/internal/replay/replay.go:574.75,578.28 2 1
github.com/davidparkercodes/belay/internal/replay/replay.go:578.28,579.15 1 1
github.com/davidparkercodes/belay/internal/replay/replay.go:580.18,583.25 3 1
github.com/davidparkercodes/belay/internal/replay/replay.go:584.19,587.25 3 1
github.com/davidparkercodes/belay/internal/replay/replay.go:588.19,591.25 3 1
github.com/davidparkercodes/belay/internal/store/retention.go:41.93,50.2 1 1
github.com/davidparkercodes/belay/internal/store/retention.go:53.72,54.25 1 1
github.com/davidparkercodes/belay/internal/store/retention.go:54.25,55.31 1 1
github.com/davidparkercodes/belay/internal/store/retention.go:55.31,57.4 1 1
github.com/davidparkercodes/belay/internal/store/retention.go:59.2,59.12 1 1
github.com/davidparkercodes/belay/internal/store/retention.go:79.88,83.16 3 1
github.com/davidparkercodes/belay/internal/store/retention.go:83.16,85.3 1 0
github.com/davidparkercodes/belay/internal/store/retention.go:87.2,88.16 2 1
github.com/davidparkercodes/belay/internal/store/retention.go:88.16,90.3 1 0
github.com/davidparkercodes/belay/internal/store/retention.go:92.2,94.30 2 1
github.com/davidparkercodes/belay/internal/store/retention.go:94.30,95.24 1 1
github.com/davidparkercodes/belay/internal/store/retention.go:95.24,98.22 3 1
github.com/davidparkercodes/belay/internal/store/retention.go:98.22,100.5 1 1
github.com/davidparkercodes/belay/internal/store/retention.go:101.4,101.15 1 1
github.com/davidparkercodes/belay/internal/store/retention.go:101.15,102.49 1 1
github.com/davidparkercodes/belay/internal/store/retention.go:102.49,104.6 1 0
github.com/davidparkercodes/belay/internal/store/retention.go:109.2,109.20 1 1
github.com/davidparkercodes/belay/internal/store/retention.go:126.113,134.2 1 1
github.com/davidparkercodes/belay/internal/store/retention.go:138.64,145.16 3 1
github.com/davidparkercodes/belay/internal/store/retention.go:145.16,147.3 1 0
github.com/davidparkercodes/belay/internal/store/retention.go:148.2,153.16 4 1
github.com/davidparkercodes/belay/internal/store/retention.go:153.16,155.3 1 0
github.com/davidparkercodes/belay/internal/store/retention.go:156.2,161.16 4 1
github.com/davidparkercodes/belay/internal/store/retention.go:161.16,163.3 1 0
github.com/davidparkercodes/belay/internal/store/retention.go:164.2,169.16 4 1
github.com/davidparkercodes/belay/internal/store/retention.go:169.16,171.3 1 0
github.com/davidparkercodes/belay/internal/store/retention.go:172.2,177.16 4 1
github.com/davidparkercodes/belay/internal/store/retention.go:177.16,179.3 1 0
github.com/davidparkercodes/belay/internal/store/retention.go:180.2,184.16 3 1
github.com/davidparkercodes/belay/internal/store/retention.go:184.16,186.3 1 0
github.com/davidparkercodes/belay/internal/store/retention.go:187.2,189.24 3 1
github.com/davidparkercodes/belay/internal/store/retention.go:189.24,191.3 1 0
github.com/davidparkercodes/belay/internal/store/retention.go:194.2,195.16 2 1
github.com/davidparkercodes/belay/internal/store/retention.go:195.16,197.3 1 0
github.com/davidparkercodes/belay/internal/store/retention.go:198.2,201.20 3 1
github.com/davidparkercodes/belay/internal/store/retention.go:205.42,206.34 1 1
github.com/davidparkercodes/belay/internal/store/retention.go:206.34,209.3 2 1
github.com/davidparkercodes/belay/internal/store/retention.go:211.2,214.14 3 1
github.com/davidparkercodes/belay/internal/store/retention.go:214.14,219.17 2 1
github.com/davidparkercodes/belay/internal/store/retention.go:219.17,221.4 1 0
github.com/davidparkercodes/belay/internal/store/retention.go:222.3,223.16 2 1
github.com/davidparkercodes/belay/internal/store/retention.go:223.16,225.4 1 1
github.com/davidparkercodes/belay/internal/store/retention.go:226.3,226.20 1 1
github.com/davidparkercodes/belay/internal/store/retention.go:229.2,230.16 2 1
github.com/davidparkercodes/belay/internal/store/retention.go:230.16,232.3 1 0
github.com/davidparkercodes/belay/internal/store/retention.go:234.2,234.17 1 1
github.com/davidparkercodes/belay/internal/store/retention.go:234.17,236.3 1 1
github.com/davidparkercodes/belay/internal/store/retention.go:237.2,237.26 1 1
github.com/davidparkercodes/belay/internal/store/retention.go:242.51,251.16 4 1
github.com/davidparkercodes/belay/internal/store/retention.go:251.16,253.3 1 0
github.com/davidparkercodes/belay/internal/store/retention.go:255.2,255.22 1 1
github.com/davidparkercodes/belay/internal/store/retention.go:255.22,257.3 1 1
github.com/davidparkercodes/belay/internal/store/retention.go:260.2,263.36 3 1
github.com/davidparkercodes/belay/internal/store/retention.go:263.36,265.46 1 1
github.com/davidparkercodes/belay/internal/store/retention.go:265.46,267.4 1 1
github.com/davidparkercodes/belay/internal/store/retention.go:270.3,270.42 1 1
github.com/davidparkercodes/belay/internal/store/retention.go:270.42,272.4 1 1
github.com/davidparkercodes/belay/internal/store/retention.go:274.3,275.32 2 1
github.com/davidparkercodes/belay/internal/store/retention.go:275.32,278.4 2 1
github.com/davidparkercodes/belay/internal/store/retention.go:280.3,280.35 1 1
github.com/davidparkercodes/belay/internal/store/retention.go:280.35,281.27 1 1
github.com/davidparkercodes/belay/internal/store/retention.go:281.27,282.13 1 0
github.com/davidparkercodes/belay/internal/store/retention.go:285.4,285.51 1 1
github.com/davidparkercodes/belay/internal/store/retention.go:285.51,287.5 1 1
github.com/davidparkercodes/belay/internal/store/retention.go:291.2,291.24 1 1
github.com/davidparkercodes/belay/internal/store/retention.go:291.24,293.3 1 0
github.com/davidparkercodes/belay/internal/store/retention.go:295.2,295.14 1 1
github.com/davidparkercodes/belay/internal/store/retention.go:295.14,298.3 2 0
github.com/davidparkercodes/belay/internal/store/retention.go:300.2,301.16 2 1
github.com/davidparkercodes/belay/internal/store/retention.go:301.16,303.3 1 0
github.com/davidparkercodes/belay/internal/store/retention.go:305.2,306.26 2 1
github.com/davidparkercodes/belay/internal/store/retention.go:311.48,320.16 4 1
github.com/davidparkercodes/belay/internal/store/retention.go:320.16,322.3 1 0
github.com/davidparkercodes/belay/internal/store/retention.go:324.2,324.22 1 1
github.com/davidparkercodes/belay/internal/store/retention.go:324.22,326.3 1 1
github.com/davidparkercodes/belay/internal/store/retention.go:329.2,334.27 3 1
github.com/davidparkercodes/belay/internal/store/retention.go:334.27,337.3 2 1
github.com/davidparkercodes/belay/internal/store/retention.go:339.2,340.41 2 1
github.com/davidparkercodes/belay/internal/store/retention.go:340.41,341.25 1 1
github.com/davidparkercodes/belay/internal/store/retention.go:341.25,342.12 1 1
github.com/davidparkercodes/belay/internal/store/retention.go:346.3,346.44 1 1
github.com/davidparkercodes/belay/internal/store/retention.go:346.44,348.4 1 1
github.com/davidparkercodes/belay/internal/store/retention.go:351.3,351.51 1 1
github.com/davidparkercodes/belay/internal/store/retention.go:351.51,353.4 1 1
github.com/davidparkercodes/belay/internal/store/retention.go:356.2,356.24 1 1
github.com/davidparkercodes/belay/internal/store/retention.go:356.24,358.3 1 1
github.com/davidparkercodes/belay/internal/store/retention.go:360.2,360.14 1 1
github.com/davidparkercodes/belay/internal/store/retention.go:360.14,363.3 2 0
github.com/davidparkercodes/belay/internal/store/retention.go:365.2,366.16 2 1
github.com/davidparkercodes/belay/internal/store/retention.go:366.16,368.3 1 0
github.com/davidparkercodes/belay/internal/store/retention.go:370.2,371.26 2 1
github.com/davidparkercodes/belay/internal/store/retention.go:377.48,386.16 4 1
github.com/davidparkercodes/belay/internal/store/retention.go:386.16,388.3 1 0
github.com/davidparkercodes/belay/internal/store/retention.go:390.2,390.22 1 1
github.com/davidparkercodes/belay/internal/store/retention.go:390.22,392.3 1 1
github.com/davidparkercodes/belay/internal/store/retention.go:395.2,400.27 3 1
github.com/davidparkercodes/belay/internal/store/retention.go:400.27,403.3 2 1
github.com/davidparkercodes/belay/internal/store/retention.go:405.2,406.41 2 1
github.com/davidparkercodes/belay/internal/store/retention.go:406.41,407.24 1 1
github.com/davidparkercodes/belay/internal/store/retention.go:407.24,408.12 1 0
github.com/davidparkercodes/belay/internal/store/retention.go:412.3,412.44 1 1
github.com/davidparkercodes/belay/internal/store/retention.go:412.44,414.4 1 1
github.com/davidparkercodes/belay/internal/store/retention.go:417.3,417.64 1 1
github.com/davidparkercodes/belay/internal/store/retention.go:420.2,420.24 1 1
github.com/davidparkercodes/belay/internal/store/retention.go:420.24,422.3 1 1
github.com/davidparkercodes/belay/internal/store/retention.go:424.2,424.14 1 1
github.com/davidparkercodes/belay/internal/store/retention.go:424.14,427.3 2 0
github.com/davidparkercodes/belay/internal/store/retention.go:429.2,430.16 2 1
github.com/davidparkercodes/belay/internal/store/retention.go:430.16,432.3 1 0
github.com/davidparkercodes/belay/internal/store/retention.go:434.2,435.26 2 1
github.com/davidparkercodes/belay/internal/store/retention.go:441.59,442.21 1 1
github.com/davidparkercodes/belay/internal/store/retention.go:442.21,444.3 1 1
github.com/davidparkercodes/belay/internal/store/retention.go:446.2,450.36 3 1
github.com/davidparkercodes/belay/internal/store/retention.go:450.36,453.22 2 1
github.com/davidparkercodes/belay/internal/store/retention.go:453.22,457.64 3 1
github.com/davidparkercodes/belay/internal/store/retention.go:457.64,459.31 2 1
github.com/davidparkercodes/belay/internal/store/retention.go:459.31,461.6 1 1
github.com/davidparkercodes/belay/internal/store/retention.go:465.3,465.15 1 1
github.com/davidparkercodes/belay/internal/store/retention.go:465.15,468.29 2 1
github.com/davidparkercodes/belay/internal/store/retention.go:468.29,470.48 1 1
github.com/davidparkercodes/belay/internal/store/retention.go:470.48,471.41 1 1
github.com/davidparkercodes/belay/internal/store/retention.go:471.41,473.7 1 1
github.com/davidparkercodes/belay/internal/store/retention.go:476.4,476.18 1 1
github.com/davidparkercodes/belay/internal/store/retention.go:480.2,480.17 1 1
github.com/davidparkercodes/belay/internal/store/retention.go:485.63,486.35 1 1
github.com/davidparkercodes/belay/internal/store/retention.go:486.35,488.3 1 0
github.com/davidparkercodes/belay/internal/store/retention.go:490.2,493.16 3 1
github.com/davidparkercodes/belay/internal/store/retention.go:493.16,495.3 1 0
github.com/davidparkercodes/belay/internal/store/retention.go:497.2,497.28 1 1
github.com/davidparkercodes/belay/internal/store/retention.go:497.28,499.3 1 1
github.com/davidparkercodes/belay/internal/store/retention.go:501.2,512.24 6 0
github.com/davidparkercodes/belay/internal/store/retention.go:512.24,514.3 1 0
github.com/davidparkercodes/belay/internal/store/retention.go:516.2,524.16 4 0
github.com/davidparkercodes/belay/internal/store/retention.go:524.16,526.3 1 0
github.com/davidparkercodes/belay/internal/store/retention.go:528.2,528.31 1 0
github.com/davidparkercodes/belay/internal/store/retention.go:528.31,534.38 3 0
github.com/davidparkercodes/belay/internal/store/retention.go:534.38,537.4 2 0
github.com/davidparkercodes/belay/internal/store/retention.go:539.3,540.33 2 0
github.com/davidparkercodes/belay/internal/store/retention.go:540.33,541.25 1 0
github.com/davidparkercodes/belay/internal/store/retention.go:541.25,542.13 1 0
github.com/davidparkercodes/belay/internal/store/retention.go:544.4,544.45 1 0
github.com/davidparkercodes/belay/internal/store/retention.go:544.45,546.5 1 0
github.com/davidparkercodes/belay/internal/store/retention.go:547.4,547.81 1 0
github.com/davidparkercodes/belay/internal/store/retention.go:550.3,550.32 1 0
github.com/davidparkercodes/belay/internal/store/retention.go:550.32,551.16 1 0
github.com/davidparkercodes/belay/internal/store/retention.go:551.16,554.5 2 0
github.com/davidparkercodes/belay/internal/store/retention.go:554.10,556.22 2 0
github.com/davidparkercodes/belay/internal/store/retention.go:556.22,558.6 1 0
github.com/davidparkercodes/belay/internal/store/retention.go:559.5,560.96 2 0
github.com/davidparkercodes/belay/internal/store/retention.go:564.4,565.20 2 0
github.com/davidparkercodes/belay/internal/store/retention.go:565.20,567.5 1 0
github.com/davidparkercodes/belay/internal/store/retention.go:568.4,568.37 1 0
github.com/davidparkercodes/belay/internal/store/retention.go:572.2,572.38 1 0
github.com/davidparkercodes/belay/internal/store/retention.go:576.69,578.27 2 1
github.com/davidparkercodes/belay/internal/store/retention.go:578.27,580.3 1 1
github.com/davidparkercodes/belay/internal/store/retention.go:581.2,581.15 1 1
github.com/davidparkercodes/belay/internal/store/store.go:25.75,26.54 1 1
github.com/davidparkercodes/belay/internal/store/store.go:26.54,28.3 1 1
github.com/davidparkercodes/belay/internal/store/store.go:30.2,33.8 1 1
github.com/davidparkercodes/belay/internal/store/store.go:37.71,44.53 5 1
github.com/davidparkercodes/belay/internal/store/store.go:44.53,46.3 1 1
github.com/davidparkercodes/belay/internal/store/store.go:48.2,49.16 2 1
github.com/davidparkercodes/belay/internal/store/store.go:49.16,52.43 3 1
github.com/davidparkercodes/belay/internal/store/store.go:52.43,54.4 1 0
github.com/davidparkercodes/belay/internal/store/store.go:55.3,55.36 1 1
github.com/davidparkercodes/belay/internal/store/store.go:55.36,57.4 1 0
github.com/davidparkercodes/belay/internal/store/store.go:58.3,58.24 1 1
github.com/davidparkercodes/belay/internal/store/store.go:59.8,62.3 2 1
github.com/davidparkercodes/belay/internal/store/store.go:64.2,65.16 2 1
github.com/davidparkercodes/belay/internal/store/store.go:65.16,67.3 1 0
github.com/davidparkercodes/belay/internal/store/store.go:68.2,70.50 2 1
github.com/davidparkercodes/belay/internal/store/store.go:70.50,74.3 3 0
github.com/davidparkercodes/belay/internal/store/store.go:76.2,76.39 1 1
github.com/davidparkercodes/belay/internal/store/store.go:76.39,80.3 3 0
github.com/davidparkercodes/belay/internal/store/store.go:82.2,82.40 1 1
github.com/davidparkercodes/belay/internal/store/store.go:82.40,85.3 2 0
github.com/davidparkercodes/belay/internal/store/store.go:87.2,87.52 1 1
github.com/davidparkercodes/belay/internal/store/store.go:87.52,90.3 2 1
github.com/davidparkercodes/belay/internal/store/store.go:92.2,92.24 1 1
github.com/davidparkercodes/belay/internal/store/store.go:96.56,99.16 3 1
github.com/davidparkercodes/belay/internal/store/store.go:99.16,101.3 1 1
github.com/davidparkercodes/belay/internal/store/store.go:102.2,102.25 1 1
github.com/davidparkercodes/belay/internal/store/store.go:106.50,110.16 3 1
github.com/davidparkercodes/belay/internal/store/store.go:110.16,111.25 1 1
github.com/davidparkercodes/belay/internal/store/store.go:111.25,113.4 1 1
github.com/davidparkercodes/belay/internal/store/store.go:114.3,114.49 1 1
github.com/davidparkercodes/belay/internal/store/store.go:117.2,118.16 2 1
github.com/davidparkercodes/belay/internal/store/store.go:118.16,120.19 2 1
github.com/davidparkercodes/belay/internal/store/store.go:120.19,123.4 1 1
github.com/davidparkercodes/belay/internal/store/store.go:123.9,126.22 3 1
github.com/davidparkercodes/belay/internal/store/store.go:126.22,129.5 1 1
github.com/davidparkercodes/belay/internal/store/store.go:129.10,131.5 1 1
github.com/davidparkercodes/belay/internal/store/store.go:133.8,135.3 1 1
github.com/davidparkercodes/belay/internal/store/store.go:137.2,138.24 2 1
github.com/davidparkercodes/belay/internal/store/store.go:138.24,139.17 1 1
github.com/davidparkercodes/belay/internal/store/store.go:139.17,141.23 2 1
github.com/davidparkercodes/belay/internal/store/store.go:141.23,143.5 1 0
github.com/davidparkercodes/belay/internal/store/store.go:145.3,145.89 1 1
github.com/davidparkercodes/belay/internal/store/store.go:148.2,148.18 1 1
github.com/davidparkercodes/belay/internal/store/store.go:152.39,155.2 2 1
github.com/davidparkercodes/belay/internal/store/store.go:158.43,160.43 2 1
github.com/davidparkercodes/belay/internal/store/store.go:160.43,161.25 1 1
github.com/davidparkercodes/belay/internal/store/store.go:161.25,163.4 1 1
github.com/davidparkercodes/belay/internal/store/store.go:164.3,164.46 1 1
github.com/davidparkercodes/belay/internal/store/store.go:167.2,169.23 3 1
github.com/davidparkercodes/belay/internal/store/store.go:169.23,171.3 1 1
github.com/davidparkercodes/belay/internal/store/store.go:173.2,173.12 1 1
github.com/davidparkercodes/belay/internal/store/store.go:177.71,178.86 1 1
github.com/davidparkercodes/belay/internal/store/store.go:178.86,179.21 1 1
github.com/davidparkercodes/belay/internal/store/store.go:179.21,181.4 1 0
github.com/davidparkercodes/belay/internal/store/store.go:182.3,182.64 1 1
github.com/davidparkercodes/belay/internal/store/store.go:182.64,185.4 2 1
github.com/davidparkercodes/belay/internal/store/store.go:186.3,186.13 1 1
github.com/davidparkercodes/belay/internal/store/store.go:188.2,188.8 1 1
github.com/davidparkercodes/belay/internal/store/store.go:192.48,196.16 3 1
github.com/davidparkercodes/belay/internal/store/store.go:196.16,198.3 1 0
github.com/davidparkercodes/belay/internal/store/store.go:200.2,200.39 1 1
github.com/davidparkercodes/belay/internal/store/store.go:200.39,201.55 1 1
github.com/davidparkercodes/belay/internal/store/store.go:201.55,202.12 1 1
github.com/davidparkercodes/belay/internal/store/store.go:205.3,206.17 2 1
github.com/davidparkercodes/belay/internal/store/store.go:206.17,207.12 1 0
github.com/davidparkercodes/belay/internal/store/store.go:210.3,210.33 1 1
github.com/davidparkercodes/belay/internal/store/store.go:210.33,211.67 1 1
github.com/davidparkercodes/belay/internal/store/store.go:211.67,213.5 1 1
github.com/davidparkercodes/belay/internal/store/store.go:217.2,217.20 1 1
github.com/davidparkercodes/belay/internal/store/store.go:221.43,223.16 2 1
github.com/davidparkercodes/belay/internal/store/store.go:223.16,225.3 1 1
github.com/davidparkercodes/belay/internal/store/store.go:227.2,228.24 2 1
github.com/davidparkercodes/belay/internal/store/store.go:228.24,230.3 1 0
github.com/davidparkercodes/belay/internal/store/store.go:231.2,231.12 1 1
github.com/davidparkercodes/belay/internal/store/store.go:235.77,237.44 2 1
github.com/davidparkercodes/belay/internal/store/store.go:237.44,239.3 1 1
github.com/davidparkercodes/belay/internal/store/store.go:240.2,240.27 1 1
github.com/davidparkercodes/belay/internal/store/store.go:244.26,246.2 0 1
github.com/davidparkercodes/belay/internal/store/store.go:248.48,249.19 1 1
github.com/davidparkercodes/belay/internal/store/store.go:249.19,251.3 1 1
github.com/davidparkercodes/belay/internal/store/store.go:252.2,252.49 1 1
github.com/davidparkercodes/belay/internal/daemon/burst.go:35.67,43.2 1 1
github.com/davidparkercodes/belay/internal/daemon/burst.go:45.59,46.27 1 1
github.com/davidparkercodes/belay/internal/daemon/burst.go:46.27,48.3 1 1
github.com/davidparkercodes/belay/internal/daemon/burst.go:50.2,56.17 5 1
github.com/davidparkercodes/belay/internal/daemon/burst.go:56.17,58.27 2 1
github.com/davidparkercodes/belay/internal/daemon/burst.go:58.27,61.4 2 1
github.com/davidparkercodes/belay/internal/daemon/burst.go:61.9,63.4 1 1
github.com/davidparkercodes/belay/internal/daemon/burst.go:66.2,68.28 3 1
github.com/davidparkercodes/belay/internal/daemon/burst.go:68.28,70.3 1 1
github.com/davidparkercodes/belay/internal/daemon/burst.go:72.2,74.13 2 1
github.com/davidparkercodes/belay/internal/daemon/burst.go:77.57,80.72 3 1
github.com/davidparkercodes/belay/internal/daemon/burst.go:80.72,82.3 1 0
github.com/davidparkercodes/belay/internal/daemon/burst.go:83.2,83.15 1 1
github.com/davidparkercodes/belay/internal/daemon/burst.go:83.15,85.3 1 0
github.com/davidparkercodes/belay/internal/daemon/burst.go:86.2,86.44 1 1
github.com/davidparkercodes/belay/internal/daemon/burst.go:89.59,92.47 3 1
github.com/davidparkercodes/belay/internal/daemon/burst.go:92.47,93.38 1 1
github.com/davidparkercodes/belay/internal/daemon/burst.go:93.38,94.9 1 0
github.com/davidparkercodes/belay/internal/daemon/burst.go:96.3,96.10 1 1
github.com/davidparkercodes/belay/internal/daemon/burst.go:98.2,98.14 1 1
github.com/davidparkercodes/belay/internal/daemon/burst.go:101.45,102.27 1 1
github.com/davidparkercodes/belay/internal/daemon/burst.go:102.27,104.3 1 1
github.com/davidparkercodes/belay/internal/daemon/burst.go:105.2,105.56 1 1
github.com/davidparkercodes/belay/internal/daemon/burst.go:105.56,107.3 1 1
github.com/davidparkercodes/belay/internal/daemon/burst.go:110.34,113.32 3 1
github.com/davidparkercodes/belay/internal/daemon/burst.go:113.32,114.26 1 1
github.com/davidparkercodes/belay/internal/daemon/burst.go:114.26,116.4 1 1
github.com/davidparkercodes/belay/internal/daemon/burst.go:117.3,118.31 2 1
github.com/davidparkercodes/belay/internal/daemon/burst.go:120.2,125.29 5 1
github.com/davidparkercodes/belay/internal/daemon/burst.go:125.29,127.3 1 1
github.com/davidparkercodes/belay/internal/daemon/burst.go:130.33,132.27 2 1
github.com/davidparkercodes/belay/internal/daemon/burst.go:132.27,134.3 1 1
github.com/davidparkercodes/belay/internal/daemon/burst.go:135.2,137.12 2 1
github.com/davidparkercodes/belay/internal/daemon/burst.go:140.98,144.2 3 1
github.com/davidparkercodes/belay/internal/daemon/daemon.go:52.63,59.2 2 1
github.com/davidparkercodes/belay/internal/daemon/daemon.go:64.30,67.33 2 0
github.com/davidparkercodes/belay/internal/daemon/daemon.go:67.33,69.3 1 0
github.com/davidparkercodes/belay/internal/daemon/daemon.go:71.2,71.37 1 0
github.com/davidparkercodes/belay/internal/daemon/daemon.go:71.37,74.3 2 0
github.com/davidparkercodes/belay/internal/daemon/daemon.go:76.2,78.42 2 0
github.com/davidparkercodes/belay/internal/daemon/daemon.go:78.42,82.3 3 0
github.com/davidparkercodes/belay/internal/daemon/daemon.go:84.2,85.44 2 0
github.com/davidparkercodes/belay/internal/daemon/daemon.go:85.44,87.3 1 0
github.com/davidparkercodes/belay/internal/daemon/daemon.go:89.2,107.18 10 0
github.com/davidparkercodes/belay/internal/daemon/daemon.go:107.18,109.3 1 0
github.com/davidparkercodes/belay/internal/daemon/daemon.go:113.2,114.12 2 0
github.com/davidparkercodes/belay/internal/daemon/daemon.go:114.12,118.3 3 0
github.com/davidparkercodes/belay/internal/daemon/daemon.go:120.2,120.9 1 0
github.com/davidparkercodes/belay/internal/daemon/daemon.go:121.21,123.13 2 0
github.com/davidparkercodes/belay/internal/daemon/daemon.go:124.29,127.13 3 0
github.com/davidparkercodes/belay/internal/daemon/daemon.go:128.22,131.13 3 0
github.com/davidparkercodes/belay/internal/daemon/daemon.go:135.31,139.16 3 1
github.com/davidparkercodes/belay/internal/daemon/daemon.go:139.16,141.3 1 1
github.com/davidparkercodes/belay/internal/daemon/daemon.go:143.2,144.16 2 1
github.com/davidparkercodes/belay/internal/daemon/daemon.go:144.16,146.3 1 0
github.com/davidparkercodes/belay/internal/daemon/daemon.go:148.2,149.16 2 1
github.com/davidparkercodes/belay/internal/daemon/daemon.go:149.16,151.3 1 0
github.com/davidparkercodes/belay/internal/daemon/daemon.go:154.2,154.64 1 1
github.com/davidparkercodes/belay/internal/daemon/daemon.go:154.64,161.24 6 0
github.com/davidparkercodes/belay/internal/daemon/daemon.go:161.24,163.4 1 0
github.com/davidparkercodes/belay/internal/daemon/daemon.go:165.3,170.17 3 0
github.com/davidparkercodes/belay/internal/daemon/daemon.go:170.17,172.4 1 0
github.com/davidparkercodes/belay/internal/daemon/daemon.go:175.2,176.16 2 1
github.com/davidparkercodes/belay/internal/daemon/daemon.go:176.16,178.3 1 0
github.com/davidparkercodes/belay/internal/daemon/daemon.go:180.2,189.55 8 1
github.com/davidparkercodes/belay/internal/daemon/daemon.go:189.55,191.48 2 0
github.com/davidparkercodes/belay/internal/daemon/daemon.go:191.48,193.4 1 0
github.com/davidparkercodes/belay/internal/daemon/daemon.go:195.3,208.32 3 0
github.com/davidparkercodes/belay/internal/daemon/daemon.go:211.2,211.53 1 1
github.com/davidparkercodes/belay/internal/daemon/daemon.go:211.53,213.48 2 0
github.com/davidparkercodes/belay/internal/daemon/daemon.go:213.48,215.4 1 0
github.com/davidparkercodes/belay/internal/daemon/daemon.go:217.3,234.28 6 0
github.com/davidparkercodes/belay/internal/daemon/daemon.go:237.2,237.55 1 1
github.com/davidparkercodes/belay/internal/daemon/daemon.go:237.55,239.3 1 0
github.com/davidparkercodes/belay/internal/daemon/daemon.go:241.2,242.16 2 1
github.com/davidparkercodes/belay/internal/daemon/daemon.go:242.16,244.3 1 0
github.com/davidparkercodes/belay/internal/daemon/daemon.go:246.2,246.46 1 1
github.com/davidparkercodes/belay/internal/daemon/daemon.go:246.46,248.3 1 0
github.com/davidparkercodes/belay/internal/daemon/daemon.go:250.2,264.12 11 1
github.com/davidparkercodes/belay/internal/daemon/daemon.go:267.51,268.27 1 1
github.com/davidparkercodes/belay/internal/daemon/daemon.go:268.27,276.16 3 1
github.com/davidparkercodes/belay/internal/daemon/daemon.go:276.16,280.4 3 1
github.com/davidparkercodes/belay/internal/daemon/daemon.go:283.2,283.45 1 1
github.com/davidparkercodes/belay/internal/daemon/daemon.go:283.45,285.3 1 0
github.com/davidparkercodes/belay/internal/daemon/daemon.go:287.2,287.23 1 1
github.com/davidparkercodes/belay/internal/daemon/daemon.go:290.52,291.61 1 1
github.com/davidparkercodes/belay/internal/daemon/daemon.go:291.61,292.80 1 1
github.com/davidparkercodes/belay/internal/daemon/daemon.go:292.80,294.4 1 1
github.com/davidparkercodes/belay/internal/daemon/daemon.go:297.2,297.50 1 1
github.com/davidparkercodes/belay/internal/daemon/daemon.go:297.50,300.3 2 1
github.com/davidparkercodes/belay/internal/daemon/daemon.go:302.2,304.68 3 1
github.com/davidparkercodes/belay/internal/daemon/daemon.go:304.68,306.3 1 1
github.com/davidparkercodes/belay/internal/daemon/daemon.go:308.2,308.27 1 1
github.com/davidparkercodes/belay/internal/daemon/daemon.go:308.27,310.15 2 1
github.com/davidparkercodes/belay/internal/daemon/daemon.go:310.15,312.29 2 1
github.com/davidparkercodes/belay/internal/daemon/daemon.go:312.29,313.50 1 1
github.com/davidparkercodes/belay/internal/daemon/daemon.go:313.50,315.6 1 1
github.com/davidparkercodes/belay/internal/daemon/daemon.go:317.4,323.87 2 1
github.com/davidparkercodes/belay/internal/daemon/daemon.go:325.3,326.57 2 1
github.com/davidparkercodes/belay/internal/daemon/daemon.go:326.57,328.4 1 1
github.com/davidparkercodes/belay/internal/daemon/daemon.go:329.3,330.25 2 1
github.com/davidparkercodes/belay/internal/daemon/daemon.go:333.2,333.24 1 1
github.com/davidparkercodes/belay/internal/daemon/daemon.go:333.24,345.3 1 1
github.com/davidparkercodes/belay/internal/daemon/daemon.go:348.66,352.9 4 1
github.com/davidparkercodes/belay/internal/daemon/daemon.go:352.9,354.3 1 1
github.com/davidparkercodes/belay/internal/daemon/daemon.go:355.2,355.24 1 1
github.com/davidparkercodes/belay/internal/daemon/daemon.go:358.63,362.9 4 1
github.com/davidparkercodes/belay/internal/daemon/daemon.go:362.9,365.3 2 1
github.com/davidparkercodes/belay/internal/daemon/daemon.go:366.2,366.24 1 1
github.com/davidparkercodes/belay/internal/daemon/daemon.go:370.59,372.2 1 1
github.com/davidparkercodes/belay/internal/daemon/daemon.go:374.38,379.6 4 1
github.com/davidparkercodes/belay/internal/daemon/daemon.go:379.6,380.10 1 1
github.com/davidparkercodes/belay/internal/daemon/daemon.go:381.19,383.45 2 0
github.com/davidparkercodes/belay/internal/daemon/daemon.go:383.45,385.5 1 0
github.com/davidparkercodes/belay/internal/daemon/daemon.go:385.10,387.5 1 0
github.com/davidparkercodes/belay/internal/daemon/daemon.go:388.27,389.10 1 0
github.com/davidparkercodes/belay/internal/daemon/daemon.go:394.42,399.6 4 1
github.com/davidparkercodes/belay/internal/daemon/daemon.go:399.6,400.10 1 1
github.com/davidparkercodes/belay/internal/daemon/daemon.go:401.19,402.28 1 0
github.com/davidparkercodes/belay/internal/daemon/daemon.go:403.24,404.10 1 0
github.com/davidparkercodes/belay/internal/daemon/daemon.go:409.41,411.16 2 1
github.com/davidparkercodes/belay/internal/daemon/daemon.go:411.16,414.3 2 0
github.com/davidparkercodes/belay/internal/daemon/daemon.go:416.2,416.22 1 1
github.com/davidparkercodes/belay/internal/daemon/daemon.go:416.22,418.3 1 1
github.com/davidparkercodes/belay/internal/daemon/daemon.go:420.2,422.27 3 0
github.com/davidparkercodes/belay/internal/daemon/daemon.go:422.27,423.17 1 0
github.com/davidparkercodes/belay/internal/daemon/daemon.go:423.17,424.69 1 0
github.com/davidparkercodes/belay/internal/daemon/daemon.go:424.69,426.13 2 0
github.com/davidparkercodes/belay/internal/daemon/daemon.go:428.4,428.13 1 0
github.com/davidparkercodes/belay/internal/daemon/daemon.go:429.9,429.36 1 0
github.com/davidparkercodes/belay/internal/daemon/daemon.go:429.36,430.69 1 0
github.com/davidparkercodes/belay/internal/daemon/daemon.go:430.69,432.13 2 0
github.com/davidparkercodes/belay/internal/daemon/daemon.go:434.4,434.13 1 0
github.com/davidparkercodes/belay/internal/daemon/daemon.go:435.9,436.12 1 0
github.com/davidparkercodes/belay/internal/daemon/daemon.go:438.3,440.28 3 0
github.com/davidparkercodes/belay/internal/daemon/daemon.go:443.2,443.17 1 0
github.com/davidparkercodes/belay/internal/daemon/daemon.go:443.17,445.3 1 0
github.com/davidparkercodes/belay/internal/daemon/daemon.go:448.38,453.6 4 1
github.com/davidparkercodes/belay/internal/daemon/daemon.go:453.6,454.10 1 1
github.com/davidparkercodes/belay/internal/daemon/daemon.go:455.19,456.25 1 0
github.com/davidparkercodes/belay/internal/daemon/daemon.go:457.27,458.10 1 0
github.com/davidparkercodes/belay/internal/daemon/daemon.go:463.38,467.16 4 0
github.com/davidparkercodes/belay/internal/daemon/daemon.go:467.16,470.3 2 0
github.com/davidparkercodes/belay/internal/daemon/daemon.go:471.2,471.55 1 0
github.com/davidparkercodes/belay/internal/daemon/daemon.go:471.55,475.3 1 0
github.com/davidparkercodes/belay/internal/daemon/daemon.go:478.34,479.9 1 0
github.com/davidparkercodes/belay/internal/daemon/daemon.go:480.18,481.59 1 0
github.com/davidparkercodes/belay/internal/daemon/daemon.go:482.18,483.59 1 0
github.com/davidparkercodes/belay/internal/daemon/daemon.go:484.18,485.59 1 0
github.com/davidparkercodes/belay/internal/daemon/daemon.go:486.10,487.32 1 0
github.com/davidparkercodes/belay/internal/daemon/daemon.go:491.57,497.26 4 0
github.com/davidparkercodes/belay/internal/daemon/daemon.go:497.26,499.3 1 0
github.com/davidparkercodes/belay/internal/daemon/daemon.go:500.2,500.24 1 0
github.com/davidparkercodes/belay/internal/daemon/daemon.go:500.24,502.3 1 0
github.com/davidparkercodes/belay/internal/daemon/daemon.go:503.2,503.18 1 0
github.com/davidparkercodes/belay/internal/daemon/daemon.go:503.18,505.3 1 0
github.com/davidparkercodes/belay/internal/daemon/daemon.go:505.8,505.26 1 0
github.com/davidparkercodes/belay/internal/daemon/daemon.go:505.26,507.3 1 0
github.com/davidparkercodes/belay/internal/daemon/daemon.go:508.2,508.15 1 0
github.com/davidparkercodes/belay/internal/daemon/daemon.go:511.41,514.37 3 0
github.com/davidparkercodes/belay/internal/daemon/daemon.go:514.37,516.3 1 0
github.com/davidparkercodes/belay/internal/daemon/daemon.go:517.2,517.19 1 0
github.com/davidparkercodes/belay/internal/daemon/daemon.go:520.97,521.39 1 0
github.com/davidparkercodes/belay/internal/daemon/daemon.go:521.39,523.3 1 0
github.com/davidparkercodes/belay/internal/daemon/daemon.go:525.2,527.26 2 0
github.com/davidparkercodes/belay/internal/daemon/daemon.go:527.26,528.60 1 0
github.com/davidparkercodes/belay/internal/daemon/daemon.go:528.60,530.4 1 0
github.com/davidparkercodes/belay/internal/daemon/daemon.go:531.3,531.35 1 0
github.com/davidparkercodes/belay/internal/daemon/daemon.go:534.2,534.79 1 0
github.com/davidparkercodes/belay/internal/daemon/daemon.go:534.79,536.3 1 0
github.com/davidparkercodes/belay/internal/daemon/daemon.go:538.2,538.34 1 0
github.com/davidparkercodes/belay/internal/daemon/daemon.go:541.32,546.6 4 0
github.com/davidparkercodes/belay/internal/daemon/daemon.go:546.6,547.10 1 0
github.com/davidparkercodes/belay/internal/daemon/daemon.go:548.19,550.41 2 0
github.com/davidparkercodes/belay/internal/daemon/daemon.go:550.41,551.13 1 0
github.com/davidparkercodes/belay/internal/daemon/daemon.go:554.4,558.46 3 0
github.com/davidparkercodes/belay/internal/daemon/daemon.go:558.46,560.5 1 0
github.com/davidparkercodes/belay/internal/daemon/daemon.go:560.10,562.5 1 0
github.com/davidparkercodes/belay/internal/daemon/daemon.go:563.25,564.10 1 0
github.com/davidparkercodes/belay/internal/daemon/daemon.go:580.28,583.27 2 1
github.com/davidparkercodes/belay/internal/daemon/daemon.go:583.27,588.3 4 0
github.com/davidparkercodes/belay/internal/daemon/daemon.go:590.2,590.22 1 1
github.com/davidparkercodes/belay/internal/daemon/daemon.go:590.22,592.42 2 0
github.com/davidparkercodes/belay/internal/daemon/daemon.go:592.42,594.4 1 0
github.com/davidparkercodes/belay/internal/daemon/daemon.go:594.9,596.4 1 0
github.com/davidparkercodes/belay/internal/daemon/daemon.go:599.2,599.20 1 1
github.com/davidparkercodes/belay/internal/daemon/daemon.go:599.20,603.3 3 0
github.com/davidparkercodes/belay/internal/daemon/daemon.go:606.2,606.24 1 1
github.com/davidparkercodes/belay/internal/daemon/daemon.go:606.24,608.44 2 1
github.com/davidparkercodes/belay/internal/daemon/daemon.go:608.44,610.4 1 0
github.com/davidparkercodes/belay/internal/daemon/daemon.go:610.9,612.4 1 1
github.com/davidparkercodes/belay/internal/daemon/daemon.go:617.2,617.23 1 1
github.com/davidparkercodes/belay/internal/daemon/daemon.go:617.23,621.3 3 1
github.com/davidparkercodes/belay/internal/daemon/daemon.go:623.2,623.26 1 1
github.com/davidparkercodes/belay/internal/daemon/daemon.go:623.26,628.3 4 0
github.com/davidparkercodes/belay/internal/daemon/daemon.go:630.2,630.29 1 1
github.com/davidparkercodes/belay/internal/daemon/daemon.go:630.29,635.3 4 0
github.com/davidparkercodes/belay/internal/daemon/daemon.go:638.2,638.29 1 1
github.com/davidparkercodes/belay/internal/daemon/daemon.go:638.29,643.3 4 0
github.com/davidparkercodes/belay/internal/daemon/daemon.go:646.2,646.24 1 1
github.com/davidparkercodes/belay/internal/daemon/daemon.go:646.24,648.44 2 1
github.com/davidparkercodes/belay/internal/daemon/daemon.go:648.44,650.4 1 0
github.com/davidparkercodes/belay/internal/daemon/daemon.go:651.3,651.45 1 1
github.com/davidparkercodes/belay/internal/daemon/daemon.go:651.45,653.4 1 0
github.com/davidparkercodes/belay/internal/daemon/daemon.go:653.9,655.4 1 1
github.com/davidparkercodes/belay/internal/daemon/daemon.go:659.2,659.18 1 1
github.com/davidparkercodes/belay/internal/daemon/daemon.go:659.18,661.44 2 1
github.com/davidparkercodes/belay/internal/daemon/daemon.go:661.44,663.4 1 0
github.com/davidparkercodes/belay/internal/daemon/daemon.go:663.9,665.4 1 1
github.com/davidparkercodes/belay/internal/daemon/daemon.go:667.3,668.39 2 1
github.com/davidparkercodes/belay/internal/daemon/daemon.go:668.39,670.4 1 0
github.com/davidparkercodes/belay/internal/daemon/daemon.go:670.9,672.4 1 1
github.com/davidparkercodes/belay/internal/daemon/daemon.go:676.2,676.23 1 1
github.com/davidparkercodes/belay/internal/daemon/daemon.go:676.23,680.3 3 1
github.com/davidparkercodes/belay/internal/daemon/daemon.go:682.2,682.97 1 1
github.com/davidparkercodes/belay/internal/daemon/daemon.go:685.35,688.2 2 1
github.com/davidparkercodes/belay/internal/daemon/daemon.go:690.30,692.2 1 1
github.com/davidparkercodes/belay/internal/daemon/daemon.go:695.48,697.16 2 1
github.com/davidparkercodes/belay/internal/daemon/daemon.go:697.16,699.3 1 1
github.com/davidparkercodes/belay/internal/daemon/daemon.go:701.2,702.16 2 1
github.com/davidparkercodes/belay/internal/daemon/daemon.go:702.16,704.3 1 1
github.com/davidparkercodes/belay/internal/daemon/daemon.go:706.2,706.26 1 1
github.com/davidparkercodes/belay/internal/daemon/daemon.go:706.26,709.3 2 1
github.com/davidparkercodes/belay/internal/daemon/daemon.go:711.2,711.18 1 1
github.com/davidparkercodes/belay/internal/daemon/daemon.go:715.37,717.14 2 1
github.com/davidparkercodes/belay/internal/daemon/daemon.go:717.14,719.3 1 1
github.com/davidparkercodes/belay/internal/daemon/daemon.go:721.2,721.46 1 1
github.com/davidparkercodes/belay/internal/daemon/daemon.go:721.46,723.3 1 0
github.com/davidparkercodes/belay/internal/daemon/daemon.go:725.2,725.12 1 1
github.com/davidparkercodes/belay/internal/daemon/process_unix.go:12.47,16.2 3 0
github.com/davidparkercodes/belay/internal/daemon/process_unix.go:18.35,20.16 2 1
github.com/davidparkercodes/belay/internal/daemon/process_unix.go:20.16,22.3 1 0
github.com/davidparkercodes/belay/internal/daemon/process_unix.go:23.2,24.16 2 1
github.com/davidparkercodes/belay/internal/daemon/process_unix.go:24.16,26.3 1 1
github.com/davidparkercodes/belay/internal/daemon/process_unix.go:28.2,28.38 1 1
github.com/davidparkercodes/belay/internal/daemon/process_unix.go:31.38,33.16 2 1
github.com/davidparkercodes/belay/internal/daemon/process_unix.go:33.16,35.3 1 0
github.com/davidparkercodes/belay/internal/daemon/process_unix.go:36.2,36.37 1 1
github.com/davidparkercodes/belay/internal/watcher/watcher.go:47.50,50.24 3 1
github.com/davidparkercodes/belay/internal/watcher/watcher.go:50.24,53.3 2 1
github.com/davidparkercodes/belay/internal/watcher/watcher.go:54.2,54.15 1 1
github.com/davidparkercodes/belay/internal/watcher/watcher.go:57.61,62.2 4 0
github.com/davidparkercodes/belay/internal/watcher/watcher.go:64.37,69.2 4 1
github.com/davidparkercodes/belay/internal/watcher/watcher.go:71.48,78.26 4 0
github.com/davidparkercodes/belay/internal/watcher/watcher.go:78.26,81.3 2 0
github.com/davidparkercodes/belay/internal/watcher/watcher.go:82.2,82.24 1 0
github.com/davidparkercodes/belay/internal/watcher/watcher.go:82.24,85.3 2 0
github.com/davidparkercodes/belay/internal/watcher/watcher.go:86.2,86.11 1 0
github.com/davidparkercodes/belay/internal/watcher/watcher.go:123.100,133.2 9 1
github.com/davidparkercodes/belay/internal/watcher/watcher.go:135.46,137.2 1 0
github.com/davidparkercodes/belay/internal/watcher/watcher.go:140.53,144.2 3 1
github.com/davidparkercodes/belay/internal/watcher/watcher.go:146.38,151.16 5 1
github.com/davidparkercodes/belay/internal/watcher/watcher.go:151.16,153.3 1 1
github.com/davidparkercodes/belay/internal/watcher/watcher.go:154.2,154.21 1 1
github.com/davidparkercodes/belay/internal/watcher/watcher.go:154.21,159.3 4 0
github.com/davidparkercodes/belay/internal/watcher/watcher.go:162.71,174.2 7 1
github.com/davidparkercodes/belay/internal/watcher/watcher.go:176.41,179.2 2 0
github.com/davidparkercodes/belay/internal/watcher/watcher.go:181.40,184.6 2 1
github.com/davidparkercodes/belay/internal/watcher/watcher.go:184.6,185.10 1 1
github.com/davidparkercodes/belay/internal/watcher/watcher.go:186.17,187.10 1 1
github.com/davidparkercodes/belay/internal/watcher/watcher.go:188.21,189.20 1 1
github.com/davidparkercodes/belay/internal/watcher/watcher.go:194.38,198.34 4 1
github.com/davidparkercodes/belay/internal/watcher/watcher.go:198.34,199.44 1 1
github.com/davidparkercodes/belay/internal/watcher/watcher.go:199.44,202.4 2 1
github.com/davidparkercodes/belay/internal/watcher/watcher.go:204.2,206.27 2 1
github.com/davidparkercodes/belay/internal/watcher/watcher.go:206.27,208.3 1 1
github.com/davidparkercodes/belay/internal/watcher/watcher.go:211.58,213.10 2 1
github.com/davidparkercodes/belay/internal/watcher/watcher.go:213.10,215.3 1 0
github.com/davidparkercodes/belay/internal/watcher/watcher.go:217.2,227.19 4 1
github.com/davidparkercodes/belay/internal/watcher/watcher.go:227.19,229.3 1 0
github.com/davidparkercodes/belay/internal/watcher/watcher.go:231.2,231.30 1 1
github.com/davidparkercodes/belay/internal/watcher/watcher.go:231.30,232.58 1 1
github.com/davidparkercodes/belay/internal/watcher/watcher.go:232.58,235.4 2 1
github.com/davidparkercodes/belay/internal/watcher/watcher.go:238.2,242.29 4 1
github.com/davidparkercodes/belay/internal/watcher/watcher.go:242.29,244.3 1 1
github.com/davidparkercodes/belay/internal/watcher/watcher.go:247.81,250.18 2 1
github.com/davidparkercodes/belay/internal/watcher/watcher.go:250.18,252.17 2 1
github.com/davidparkercodes/belay/internal/watcher/watcher.go:252.17,254.4 1 1
github.com/davidparkercodes/belay/internal/watcher/watcher.go:255.3,255.29 1 1
github.com/davidparkercodes/belay/internal/watcher/watcher.go:255.29,259.4 2 1
github.com/davidparkercodes/belay/internal/watcher/watcher.go:262.2,263.16 2 1
github.com/davidparkercodes/belay/internal/watcher/watcher.go:263.16,265.3 1 0
github.com/davidparkercodes/belay/internal/watcher/watcher.go:267.2,268.16 2 1
github.com/davidparkercodes/belay/internal/watcher/watcher.go:268.16,270.3 1 0
github.com/davidparkercodes/belay/internal/watcher/watcher.go:272.2,274.12 3 1
github.com/davidparkercodes/belay/internal/watcher/watcher.go:277.60,278.54 1 1
github.com/davidparkercodes/belay/internal/watcher/watcher.go:278.54,280.3 1 1
github.com/davidparkercodes/belay/internal/watcher/watcher.go:281.2,281.40 1 1
github.com/davidparkercodes/belay/internal/watcher/watcher.go:293.57,299.2 1 1
github.com/davidparkercodes/belay/internal/watcher/watcher.go:301.73,304.50 3 1
github.com/davidparkercodes/belay/internal/watcher/watcher.go:304.50,306.3 1 1
github.com/davidparkercodes/belay/internal/watcher/watcher.go:307.2,307.14 1 1
github.com/davidparkercodes/belay/internal/watcher/watcher.go:310.72,314.46 3 0
github.com/davidparkercodes/belay/internal/watcher/watcher.go:314.46,315.76 1 0
github.com/davidparkercodes/belay/internal/watcher/watcher.go:315.76,316.18 1 0
github.com/davidparkercodes/belay/internal/watcher/watcher.go:316.18,318.5 1 0
github.com/davidparkercodes/belay/internal/watcher/watcher.go:322.2,323.52 2 0
github.com/davidparkercodes/belay/internal/watcher/watcher.go:323.52,324.76 1 0
github.com/davidparkercodes/belay/internal/watcher/watcher.go:324.76,325.18 1 0
github.com/davidparkercodes/belay/internal/watcher/watcher.go:325.18,327.5 1 0
github.com/davidparkercodes/belay/internal/watcher/watcher.go:331.2,332.51 2 0
github.com/davidparkercodes/belay/internal/watcher/watcher.go:332.51,333.76 1 0
github.com/davidparkercodes/belay/internal/watcher/watcher.go:333.76,334.18 1 0
github.com/davidparkercodes/belay/internal/watcher/watcher.go:334.18,336.5 1 0
github.com/davidparkercodes/belay/internal/watcher/watcher.go:340.2,343.16 4 0
github.com/davidparkercodes/belay/internal/watcher/watcher.go:346.65,350.9 4 1
github.com/davidparkercodes/belay/internal/watcher/watcher.go:350.9,352.3 1 1
github.com/davidparkercodes/belay/internal/watcher/watcher.go:353.2,353.34 1 1
github.com/davidparkercodes/belay/internal/watcher/watcher.go:356.55,361.2 4 1
github.com/davidparkercodes/belay/internal/watcher/watcher.go:363.42,365.2 1 1
github.com/davidparkercodes/belay/internal/watcher/watcher.go:367.93,369.52 2 1
github.com/davidparkercodes/belay/internal/watcher/watcher.go:369.52,371.3 1 1
github.com/davidparkercodes/belay/internal/watcher/watcher.go:372.2,374.13 3 1
github.com/davidparkercodes/belay/internal/watcher/watcher.go:374.13,376.3 1 1
github.com/davidparkercodes/belay/internal/watcher/watcher.go:377.2,379.25 3 1
github.com/davidparkercodes/belay/internal/watcher/watcher.go:379.25,381.3 1 0
github.com/davidparkercodes/belay/internal/watcher/watcher.go:382.2,382.42 1 1
github.com/davidparkercodes/belay/internal/watcher/watcher.go:385.147,386.30 1 1
github.com/davidparkercodes/belay/internal/watcher/watcher.go:386.30,388.3 1 1
github.com/davidparkercodes/belay/internal/watcher/watcher.go:390.2,393.9 3 1
github.com/davidparkercodes/belay/internal/watcher/watcher.go:393.9,395.3 1 0
github.com/davidparkercodes/belay/internal/watcher/watcher.go:397.2,399.52 2 1
github.com/davidparkercodes/belay/internal/watcher/watcher.go:399.52,401.3 1 1
github.com/davidparkercodes/belay/internal/watcher/watcher.go:404.2,404.22 1 1
github.com/davidparkercodes/belay/internal/watcher/watcher.go:404.22,405.43 1 1
github.com/davidparkercodes/belay/internal/watcher/watcher.go:405.43,408.4 2 0
github.com/davidparkercodes/belay/internal/watcher/watcher.go:409.3,409.54 1 1
github.com/davidparkercodes/belay/internal/watcher/watcher.go:409.54,411.4 1 1
github.com/davidparkercodes/belay/internal/watcher/watcher.go:414.2,414.35 1 1
github.com/davidparkercodes/belay/internal/watcher/watcher.go:417.33,419.29 2 1
github.com/davidparkercodes/belay/internal/watcher/watcher.go:419.29,420.66 1 1
github.com/davidparkercodes/belay/internal/watcher/watcher.go:420.66,422.4 1 1
github.com/davidparkercodes/belay/internal/watcher/watcher.go:424.2,424.14 1 1
github.com/davidparkercodes/belay/internal/watcher/watcher_darwin.go:28.96,33.75 3 1
github.com/davidparkercodes/belay/internal/watcher/watcher_darwin.go:33.75,35.3 1 1
github.com/davidparkercodes/belay/internal/watcher/watcher_darwin.go:36.2,36.15 1 1
github.com/davidparkercodes/belay/internal/watcher/watcher_darwin.go:40.33,42.16 2 1
github.com/davidparkercodes/belay/internal/watcher/watcher_darwin.go:42.16,45.3 2 0
github.com/davidparkercodes/belay/internal/watcher/watcher_darwin.go:47.2,64.12 9 1
github.com/davidparkercodes/belay/internal/watcher/watcher_darwin.go:68.32,70.38 2 1
github.com/davidparkercodes/belay/internal/watcher/watcher_darwin.go:70.38,73.3 2 0
github.com/davidparkercodes/belay/internal/watcher/watcher_darwin.go:74.2,79.17 5 1
github.com/davidparkercodes/belay/internal/watcher/watcher_darwin.go:79.17,81.3 1 1
github.com/davidparkercodes/belay/internal/watcher/watcher_darwin.go:82.2,84.12 3 1
github.com/davidparkercodes/belay/internal/watcher/watcher_darwin.go:87.35,94.2 6 0
github.com/davidparkercodes/belay/internal/watcher/watcher_darwin.go:96.35,99.6 2 1
github.com/davidparkercodes/belay/internal/watcher/watcher_darwin.go:99.6,100.10 1 1
github.com/davidparkercodes/belay/internal/watcher/watcher_darwin.go:101.17,102.10 1 1
github.com/davidparkercodes/belay/internal/watcher/watcher_darwin.go:103.36,104.11 1 1
github.com/davidparkercodes/belay/internal/watcher/watcher_darwin.go:104.11,108.5 3 0
github.com/davidparkercodes/belay/internal/watcher/watcher_darwin.go:109.4,109.30 1 1
github.com/davidparkercodes/belay/internal/watcher/watcher_darwin.go:109.30,111.5 1 1
github.com/davidparkercodes/belay/internal/watcher/watcher_darwin.go:116.52,118.30 2 1
github.com/davidparkercodes/belay/internal/watcher/watcher_darwin.go:118.30,120.3 1 1
github.com/davidparkercodes/belay/internal/watcher/watcher_darwin.go:122.2,125.34 3 1
github.com/davidparkercodes/belay/internal/watcher/watcher_darwin.go:125.34,127.3 1 1
github.com/davidparkercodes/belay/internal/watcher/watcher_darwin.go:129.2,129.32 1 1
github.com/davidparkercodes/belay/internal/watcher/watcher_darwin.go:129.32,132.3 2 1
github.com/davidparkercodes/belay/internal/watcher/watcher_darwin.go:134.2,134.38 1 1
github.com/davidparkercodes/belay/internal/watcher/watcher_darwin.go:134.38,137.3 2 0
github.com/davidparkercodes/belay/internal/watcher/watcher_darwin.go:139.2,139.64 1 1
github.com/davidparkercodes/belay/internal/watcher/watcher_darwin.go:139.64,142.3 2 0
github.com/davidparkercodes/belay/internal/watcher/watcher_darwin.go:144.2,145.13 2 1
github.com/davidparkercodes/belay/internal/watcher/watcher_darwin.go:145.13,148.3 2 0
github.com/davidparkercodes/belay/internal/watcher/watcher_darwin.go:150.2,150.27 1 1
github.com/davidparkercodes/belay/internal/watcher/watcher_darwin.go:153.86,155.28 2 1
github.com/davidparkercodes/belay/internal/watcher/watcher_darwin.go:155.28,158.3 2 1
github.com/davidparkercodes/belay/internal/watcher/watcher_darwin.go:159.2,161.103 3 1
github.com/davidparkercodes/belay/internal/watcher/watcher_darwin.go:164.79,165.9 1 1
github.com/davidparkercodes/belay/internal/watcher/watcher_darwin.go:166.39,167.25 1 1
github.com/davidparkercodes/belay/internal/watcher/watcher_darwin.go:168.39,169.53 1 1
github.com/davidparkercodes/belay/internal/watcher/watcher_darwin.go:169.53,171.4 1 1
github.com/davidparkercodes/belay/internal/watcher/watcher_darwin.go:172.3,172.25 1 1
github.com/davidparkercodes/belay/internal/watcher/watcher_darwin.go:173.39,174.25 1 1
github.com/davidparkercodes/belay/internal/watcher/watcher_darwin.go:175.40,176.25 1 1
github.com/davidparkercodes/belay/internal/watcher/watcher_darwin.go:177.93,178.11 1 1
github.com/davidparkercodes/belay/internal/watcher/watcher_darwin.go:179.10,180.37 1 1
github.com/davidparkercodes/belay/internal/watcher/watcher_darwin.go:180.37,182.4 1 1
github.com/davidparkercodes/belay/internal/watcher/watcher_darwin.go:183.3,183.11 1 1
github.com/davidparkercodes/belay/internal/watcher/watcher_darwin.go:188.42,189.17 1 1
github.com/davidparkercodes/belay/internal/watcher/watcher_darwin.go:189.17,191.3 1 0
github.com/davidparkercodes/belay/internal/watcher/watcher_darwin.go:192.2,193.31 2 1
github.com/davidparkercodes/belay/internal/watcher/watcher_darwin.go:193.31,195.17 2 1
github.com/davidparkercodes/belay/internal/watcher/watcher_darwin.go:195.17,197.4 1 1
github.com/davidparkercodes/belay/internal/watcher/watcher_darwin.go:199.2,199.13 1 1
github.com/davidparkercodes/belay/internal/git/git.go:64.57,68.16 4 1
github.com/davidparkercodes/belay/internal/git/git.go:68.16,70.3 1 1
github.com/davidparkercodes/belay/internal/git/git.go:71.2,71.44 1 1
github.com/davidparkercodes/belay/internal/git/git.go:75.33,78.2 2 1
github.com/davidparkercodes/belay/internal/git/git.go:81.51,85.39 3 1
github.com/davidparkercodes/belay/internal/git/git.go:85.39,87.3 1 0
github.com/davidparkercodes/belay/internal/git/git.go:89.2,90.29 2 1
github.com/davidparkercodes/belay/internal/git/git.go:90.29,92.50 2 1
github.com/davidparkercodes/belay/internal/git/git.go:92.50,94.4 1 1
github.com/davidparkercodes/belay/internal/git/git.go:97.2,98.67 2 1
github.com/davidparkercodes/belay/internal/git/git.go:98.67,100.3 1 1
github.com/davidparkercodes/belay/internal/git/git.go:100.8,102.3 1 1
github.com/davidparkercodes/belay/internal/git/git.go:104.2,104.78 1 1
github.com/davidparkercodes/belay/internal/git/git.go:104.78,106.3 1 0
github.com/davidparkercodes/belay/internal/git/git.go:108.2,108.12 1 1
github.com/davidparkercodes/belay/internal/git/git.go:112.124,113.26 1 1
github.com/davidparkercodes/belay/internal/git/git.go:113.26,115.3 1 1
github.com/davidparkercodes/belay/internal/git/git.go:117.2,117.29 1 1
github.com/davidparkercodes/belay/internal/git/git.go:117.29,119.3 1 1
github.com/davidparkercodes/belay/internal/git/git.go:121.2,125.16 2 1
github.com/davidparkercodes/belay/internal/git/git.go:125.16,127.3 1 0
github.com/davidparkercodes/belay/internal/git/git.go:129.2,129.22 1 1
github.com/davidparkercodes/belay/internal/git/git.go:129.22,131.3 1 1
github.com/davidparkercodes/belay/internal/git/git.go:133.2,135.25 2 1
github.com/davidparkercodes/belay/internal/git/git.go:135.25,137.32 2 1
github.com/davidparkercodes/belay/internal/git/git.go:137.32,139.4 1 1
github.com/davidparkercodes/belay/internal/git/git.go:140.3,141.29 2 1
github.com/davidparkercodes/belay/internal/git/git.go:141.29,142.27 1 1
github.com/davidparkercodes/belay/internal/git/git.go:142.27,144.5 1 1
github.com/davidparkercodes/belay/internal/git/git.go:146.3,146.21 1 1
github.com/davidparkercodes/belay/internal/git/git.go:149.2,149.23 1 1
github.com/davidparkercodes/belay/internal/git/git.go:149.23,151.3 1 1
github.com/davidparkercodes/belay/internal/git/git.go:153.2,154.28 2 1
github.com/davidparkercodes/belay/internal/git/git.go:154.28,155.15 1 1
github.com/davidparkercodes/belay/internal/git/git.go:156.24,157.23 1 1
github.com/davidparkercodes/belay/internal/git/git.go:158.24,159.26 1 1
github.com/davidparkercodes/belay/internal/git/git.go:160.24,161.25 1 1
github.com/davidparkercodes/belay/internal/git/git.go:165.2,166.26 2 1
github.com/davidparkercodes/belay/internal/git/git.go:166.26,168.3 1 1
github.com/davidparkercodes/belay/internal/git/git.go:169.2,169.22 1 1
github.com/davidparkercodes/belay/internal/git/git.go:169.22,171.3 1 1
github.com/davidparkercodes/belay/internal/git/git.go:173.2,173.17 1 1
github.com/davidparkercodes/belay/internal/git/git.go:173.17,175.3 1 1
github.com/davidparkercodes/belay/internal/git/git.go:177.2,177.28 1 1
github.com/davidparkercodes/belay/internal/git/git.go:177.28,180.15 2 1
github.com/davidparkercodes/belay/internal/git/git.go:181.41,183.18 2 1
github.com/davidparkercodes/belay/internal/git/git.go:183.18,185.5 1 0
github.com/davidparkercodes/belay/internal/git/git.go:187.4,187.67 1 1
github.com/davidparkercodes/belay/internal/git/git.go:187.67,189.5 1 0
github.com/davidparkercodes/belay/internal/git/git.go:191.4,191.60 1 1
github.com/davidparkercodes/belay/internal/git/git.go:191.60,193.5 1 0
github.com/davidparkercodes/belay/internal/git/git.go:195.4,195.68 1 1
github.com/davidparkercodes/belay/internal/git/git.go:195.68,197.5 1 0
github.com/davidparkercodes/belay/internal/git/git.go:199.24,200.79 1 1
github.com/davidparkercodes/belay/internal/git/git.go:200.79,201.94 1 0
github.com/davidparkercodes/belay/internal/git/git.go:201.94,203.6 1 0
github.com/davidparkercodes/belay/internal/git/git.go:208.2,209.16 2 1
github.com/davidparkercodes/belay/internal/git/git.go:209.16,211.3 1 0
github.com/davidparkercodes/belay/internal/git/git.go:213.2,214.23 2 1
github.com/davidparkercodes/belay/internal/git/git.go:214.23,216.3 1 0
github.com/davidparkercodes/belay/internal/git/git.go:218.2,218.20 1 1
github.com/davidparkercodes/belay/internal/git/git.go:222.135,223.21 1 1
github.com/davidparkercodes/belay/internal/git/git.go:223.21,225.3 1 1
github.com/davidparkercodes/belay/internal/git/git.go:227.2,231.16 2 1
github.com/davidparkercodes/belay/internal/git/git.go:231.16,233.3 1 0
github.com/davidparkercodes/belay/internal/git/git.go:235.2,235.22 1 1
github.com/davidparkercodes/belay/internal/git/git.go:235.22,237.3 1 1
github.com/davidparkercodes/belay/internal/git/git.go:239.2,240.23 2 1
github.com/davidparkercodes/belay/internal/git/git.go:240.23,242.3 1 1
github.com/davidparkercodes/belay/internal/git/git.go:244.2,245.52 2 1
github.com/davidparkercodes/belay/internal/git/git.go:245.52,247.3 1 0
github.com/davidparkercodes/belay/internal/git/git.go:249.2,252.28 3 1
github.com/davidparkercodes/belay/internal/git/git.go:252.28,261.15 4 1
github.com/davidparkercodes/belay/internal/git/git.go:262.41,264.41 2 1
github.com/davidparkercodes/belay/internal/git/git.go:264.41,266.5 1 0
github.com/davidparkercodes/belay/internal/git/git.go:267.4,267.18 1 1
github.com/davidparkercodes/belay/internal/git/git.go:267.18,270.74 3 1
github.com/davidparkercodes/belay/internal/git/git.go:270.74,272.6 1 0
github.com/davidparkercodes/belay/internal/git/git.go:273.5,273.74 1 1
github.com/davidparkercodes/belay/internal/git/git.go:273.74,275.6 1 0
github.com/davidparkercodes/belay/internal/git/git.go:278.24,279.26 1 1
github.com/davidparkercodes/belay/internal/git/git.go:282.3,282.36 1 1
github.com/davidparkercodes/belay/internal/git/git.go:285.2,285.28 1 1
github.com/davidparkercodes/belay/internal/git/git.go:285.28,288.15 2 1
github.com/davidparkercodes/belay/internal/git/git.go:289.24,290.22 1 1
github.com/davidparkercodes/belay/internal/git/git.go:292.24,294.22 2 1
github.com/davidparkercodes/belay/internal/git/git.go:294.22,296.19 2 1
github.com/davidparkercodes/belay/internal/git/git.go:296.19,298.6 1 0
github.com/davidparkercodes/belay/internal/git/git.go:299.5,299.61 1 1
github.com/davidparkercodes/belay/internal/git/git.go:299.61,301.6 1 0
github.com/davidparkercodes/belay/internal/git/git.go:304.24,306.22 2 1
github.com/davidparkercodes/belay/internal/git/git.go:306.22,308.19 2 1
github.com/davidparkercodes/belay/internal/git/git.go:308.19,310.6 1 0
github.com/davidparkercodes/belay/internal/git/git.go:311.5,311.68 1 1
github.com/davidparkercodes/belay/internal/git/git.go:311.68,313.6 1 0
github.com/davidparkercodes/belay/internal/git/git.go:314.5,314.61 1 1
github.com/davidparkercodes/belay/internal/git/git.go:314.61,316.6 1 0
github.com/davidparkercodes/belay/internal/git/git.go:321.2,334.16 4 1
github.com/davidparkercodes/belay/internal/git/git.go:334.16,336.3 1 0
github.com/davidparkercodes/belay/internal/git/git.go:337.2,337.99 1 1
github.com/davidparkercodes/belay/internal/git/git.go:337.99,339.3 1 0
github.com/davidparkercodes/belay/internal/git/git.go:341.2,341.18 1 1
github.com/davidparkercodes/belay/internal/git/git.go:345.76,350.16 4 1
github.com/davidparkercodes/belay/internal/git/git.go:350.16,352.3 1 1
github.com/davidparkercodes/belay/internal/git/git.go:354.2,355.64 2 1
github.com/davidparkercodes/belay/internal/git/git.go:355.64,357.3 1 0
github.com/davidparkercodes/belay/internal/git/git.go:359.2,359.48 1 1
github.com/davidparkercodes/belay/internal/git/git.go:359.48,362.19 2 1
github.com/davidparkercodes/belay/internal/git/git.go:363.27,366.18 3 1
github.com/davidparkercodes/belay/internal/git/git.go:366.18,368.5 1 0
github.com/davidparkercodes/belay/internal/git/git.go:369.4,369.67 1 1
github.com/davidparkercodes/belay/internal/git/git.go:369.67,371.5 1 0
github.com/davidparkercodes/belay/internal/git/git.go:372.4,372.60 1 1
github.com/davidparkercodes/belay/internal/git/git.go:372.60,374.5 1 0
github.com/davidparkercodes/belay/internal/git/git.go:376.17,377.22 1 1
github.com/davidparkercodes/belay/internal/git/git.go:381.2,381.47 1 1
github.com/davidparkercodes/belay/internal/git/git.go:381.47,383.3 1 0
github.com/davidparkercodes/belay/internal/git/git.go:385.2,385.12 1 1
github.com/davidparkercodes/belay/internal/git/git.go:389.57,393.16 3 1
github.com/davidparkercodes/belay/internal/git/git.go:393.16,394.25 1 1
github.com/davidparkercodes/belay/internal/git/git.go:394.25,396.4 1 1
github.com/davidparkercodes/belay/internal/git/git.go:397.3,397.54 1 0
github.com/davidparkercodes/belay/internal/git/git.go:400.2,401.32 2 1
github.com/davidparkercodes/belay/internal/git/git.go:401.32,402.21 1 1
github.com/davidparkercodes/belay/internal/git/git.go:402.21,403.12 1 1
github.com/davidparkercodes/belay/internal/git/git.go:406.3,408.17 3 1
github.com/davidparkercodes/belay/internal/git/git.go:408.17,409.12 1 0
github.com/davidparkercodes/belay/internal/git/git.go:412.3,413.65 2 1
github.com/davidparkercodes/belay/internal/git/git.go:413.65,414.12 1 1
github.com/davidparkercodes/belay/internal/git/git.go:417.3,418.35 2 1
github.com/davidparkercodes/belay/internal/git/git.go:418.35,420.4 1 1
github.com/davidparkercodes/belay/internal/git/git.go:421.3,428.5 2 1
github.com/davidparkercodes/belay/internal/git/git.go:431.2,431.42 1 1
github.com/davidparkercodes/belay/internal/git/git.go:431.42,433.3 1 1
github.com/davidparkercodes/belay/internal/git/git.go:435.2,435.21 1 1
github.com/davidparkercodes/belay/internal/git/git.go:439.104,440.28 1 1
github.com/davidparkercodes/belay/internal/git/git.go:440.28,442.3 1 1
github.com/davidparkercodes/belay/internal/git/git.go:444.2,444.34 1 1
github.com/davidparkercodes/belay/internal/git/git.go:444.34,446.3 1 1
github.com/davidparkercodes/belay/internal/git/git.go:448.2,449.22 2 1
github.com/davidparkercodes/belay/internal/git/git.go:449.22,451.3 1 1
github.com/davidparkercodes/belay/internal/git/git.go:453.2,454.16 2 1
github.com/davidparkercodes/belay/internal/git/git.go:454.16,456.3 1 0
github.com/davidparkercodes/belay/internal/git/git.go:458.2,458.21 1 1
github.com/davidparkercodes/belay/internal/git/git.go:458.21,460.3 1 1
github.com/davidparkercodes/belay/internal/git/git.go:462.2,465.35 3 1
github.com/davidparkercodes/belay/internal/git/git.go:465.35,467.17 2 1
github.com/davidparkercodes/belay/internal/git/git.go:467.17,468.12 1 0
github.com/davidparkercodes/belay/internal/git/git.go:471.3,472.21 2 1
github.com/davidparkercodes/belay/internal/git/git.go:472.21,473.12 1 0
github.com/davidparkercodes/belay/internal/git/git.go:476.3,482.17 6 1
github.com/davidparkercodes/belay/internal/git/git.go:482.17,484.18 2 0
github.com/davidparkercodes/belay/internal/git/git.go:484.18,486.5 1 0
github.com/davidparkercodes/belay/internal/git/git.go:489.3,490.17 2 1
github.com/davidparkercodes/belay/internal/git/git.go:490.17,491.12 1 0
github.com/davidparkercodes/belay/internal/git/git.go:494.3,494.23 1 1
github.com/davidparkercodes/belay/internal/git/git.go:494.23,495.12 1 1
github.com/davidparkercodes/belay/internal/git/git.go:498.3,501.38 3 1
github.com/davidparkercodes/belay/internal/git/git.go:501.38,503.22 2 1
github.com/davidparkercodes/belay/internal/git/git.go:503.22,504.13 1 0
github.com/davidparkercodes/belay/internal/git/git.go:507.4,508.26 2 1
github.com/davidparkercodes/belay/internal/git/git.go:508.26,509.13 1 0
github.com/davidparkercodes/belay/internal/git/git.go:512.4,516.11 4 1
github.com/davidparkercodes/belay/internal/git/git.go:517.44,518.25 1 1
github.com/davidparkercodes/belay/internal/git/git.go:519.44,520.25 1 1
github.com/davidparkercodes/belay/internal/git/git.go:521.44,522.25 1 1
github.com/davidparkercodes/belay/internal/git/git.go:523.44,524.25 1 0
github.com/davidparkercodes/belay/internal/git/git.go:525.12,526.13 1 0
github.com/davidparkercodes/belay/internal/git/git.go:529.4,546.29 2 1
github.com/davidparkercodes/belay/internal/git/git.go:546.29,548.19 2 1
github.com/davidparkercodes/belay/internal/git/git.go:548.19,550.20 2 1
github.com/davidparkercodes/belay/internal/git/git.go:550.20,553.7 2 1
github.com/davidparkercodes/belay/internal/git/git.go:557.4,557.54 1 1
github.com/davidparkercodes/belay/internal/git/git.go:557.54,559.19 2 1
github.com/davidparkercodes/belay/internal/git/git.go:559.19,561.20 2 1
github.com/davidparkercodes/belay/internal/git/git.go:561.20,563.7 1 1
github.com/davidparkercodes/belay/internal/git/git.go:567.4,567.65 1 1
github.com/davidparkercodes/belay/internal/git/git.go:567.65,569.5 1 0
github.com/davidparkercodes/belay/internal/git/git.go:571.4,571.21 1 1
github.com/davidparkercodes/belay/internal/git/git.go:574.3,574.26 1 1
github.com/davidparkercodes/belay/internal/git/git.go:574.26,577.4 2 1
github.com/davidparkercodes/belay/internal/git/git.go:580.2,580.20 1 1
github.com/davidparkercodes/belay/internal/git/git.go:596.61,606.27 3 1
github.com/davidparkercodes/belay/internal/git/git.go:606.27,608.14 2 1
github.com/davidparkercodes/belay/internal/git/git.go:608.14,614.4 2 1
github.com/davidparkercodes/belay/internal/git/git.go:615.3,616.33 2 1
github.com/davidparkercodes/belay/internal/git/git.go:619.2,620.37 2 1
github.com/davidparkercodes/belay/internal/git/git.go:620.37,622.10 2 1
github.com/davidparkercodes/belay/internal/git/git.go:623.76,624.12 1 1
github.com/davidparkercodes/belay/internal/git/git.go:625.41,626.27 1 1
github.com/davidparkercodes/belay/internal/git/git.go:627.40,628.27 1 1
github.com/davidparkercodes/belay/internal/git/git.go:629.11,630.27 1 1
github.com/davidparkercodes/belay/internal/git/git.go:633.3,633.72 1 1
github.com/davidparkercodes/belay/internal/git/git.go:633.72,634.12 1 1
github.com/davidparkercodes/belay/internal/git/git.go:637.3,641.5 1 1
github.com/davidparkercodes/belay/internal/git/git.go:644.2,644.42 1 1
github.com/davidparkercodes/belay/internal/git/git.go:644.42,646.3 1 1
github.com/davidparkercodes/belay/internal/git/git.go:648.2,648.16 1 1
github.com/davidparkercodes/belay/internal/git/git.go:651.71,652.27 1 1
github.com/davidparkercodes/belay/internal/git/git.go:652.27,653.29 1 1
github.com/davidparkercodes/belay/internal/git/git.go:653.29,655.4 1 1
github.com/davidparkercodes/belay/internal/git/git.go:657.2,657.11 1 1
github.com/davidparkercodes/belay/internal/git/git.go:660.39,661.17 1 1
github.com/davidparkercodes/belay/internal/git/git.go:661.17,663.3 1 1
github.com/davidparkercodes/belay/internal/git/git.go:664.2,664.14 1 1
github.com/davidparkercodes/belay/internal/git/git.go:667.72,669.27 2 1
github.com/davidparkercodes/belay/internal/git/git.go:669.27,671.3 1 1
github.com/davidparkercodes/belay/internal/git/git.go:672.2,672.30 1 1
github.com/davidparkercodes/belay/internal/git/git.go:672.30,674.3 1 1
github.com/davidparkercodes/belay/internal/git/git.go:675.2,675.29 1 1
github.com/davidparkercodes/belay/internal/git/git.go:675.29,677.3 1 1
github.com/davidparkercodes/belay/internal/git/git.go:679.2,680.79 2 1
github.com/davidparkercodes/belay/internal/git/git.go:683.91,685.27 2 1
github.com/davidparkercodes/belay/internal/git/git.go:685.27,687.46 2 1
github.com/davidparkercodes/belay/internal/git/git.go:687.46,689.4 1 1
github.com/davidparkercodes/belay/internal/git/git.go:690.3,690.41 1 1
github.com/davidparkercodes/belay/internal/git/git.go:690.41,692.4 1 1
github.com/davidparkercodes/belay/internal/git/git.go:695.2,702.27 2 1
github.com/davidparkercodes/belay/internal/git/git.go:705.51,707.16 2 1
github.com/davidparkercodes/belay/internal/git/git.go:707.16,709.3 1 1
github.com/davidparkercodes/belay/internal/git/git.go:710.2,710.13 1 1
github.com/davidparkercodes/belay/internal/chaos/runner.go:62.17,66.2 3 1
github.com/davidparkercodes/belay/internal/chaos/runner.go:69.140,71.13 2 1
github.com/davidparkercodes/belay/internal/chaos/runner.go:71.13,73.3 1 0
github.com/davidparkercodes/belay/internal/chaos/runner.go:74.2,76.20 3 1
github.com/davidparkercodes/belay/internal/chaos/runner.go:76.20,78.3 1 0
github.com/davidparkercodes/belay/internal/chaos/runner.go:79.2,89.4 1 1
github.com/davidparkercodes/belay/internal/chaos/runner.go:93.36,96.20 3 0
github.com/davidparkercodes/belay/internal/chaos/runner.go:96.20,98.3 1 0
github.com/davidparkercodes/belay/internal/chaos/runner.go:100.2,103.36 3 0
github.com/davidparkercodes/belay/internal/chaos/runner.go:103.36,104.25 1 0
github.com/davidparkercodes/belay/internal/chaos/runner.go:104.25,106.4 1 0
github.com/davidparkercodes/belay/internal/chaos/runner.go:106.9,108.4 1 0
github.com/davidparkercodes/belay/internal/chaos/runner.go:109.3,109.31 1 0
github.com/davidparkercodes/belay/internal/chaos/runner.go:109.31,110.13 1 0
github.com/davidparkercodes/belay/internal/chaos/runner.go:111.34,112.21 1 0
github.com/davidparkercodes/belay/internal/chaos/runner.go:113.17,114.20 1 0
github.com/davidparkercodes/belay/internal/chaos/runner.go:115.21,116.24 1 0
github.com/davidparkercodes/belay/internal/chaos/runner.go:120.3,120.52 1 0
github.com/davidparkercodes/belay/internal/chaos/runner.go:120.52,121.43 1 0
github.com/davidparkercodes/belay/internal/chaos/runner.go:121.43,123.5 1 0
github.com/davidparkercodes/belay/internal/chaos/runner.go:127.2,129.15 3 0
github.com/davidparkercodes/belay/internal/chaos/runner.go:129.15,131.3 1 0
github.com/davidparkercodes/belay/internal/chaos/runner.go:133.2,152.3 2 0
github.com/davidparkercodes/belay/internal/chaos/runner.go:157.67,158.48 1 0
github.com/davidparkercodes/belay/internal/chaos/runner.go:158.48,160.3 1 0
github.com/davidparkercodes/belay/internal/chaos/runner.go:162.2,163.16 2 0
github.com/davidparkercodes/belay/internal/chaos/runner.go:163.16,165.3 1 0
github.com/davidparkercodes/belay/internal/chaos/runner.go:167.2,169.56 3 0
github.com/davidparkercodes/belay/internal/chaos/runner.go:169.56,171.3 1 0
github.com/davidparkercodes/belay/internal/chaos/runner.go:173.2,176.18 3 0
github.com/davidparkercodes/belay/internal/chaos/runner.go:182.37,183.66 1 0
github.com/davidparkercodes/belay/internal/chaos/runner.go:183.66,184.59 1 0
github.com/davidparkercodes/belay/internal/chaos/runner.go:184.59,186.4 1 0
github.com/davidparkercodes/belay/internal/chaos/runner.go:189.2,190.6 2 0
github.com/davidparkercodes/belay/internal/chaos/runner.go:190.6,192.76 2 0
github.com/davidparkercodes/belay/internal/chaos/runner.go:192.76,194.4 1 0
github.com/davidparkercodes/belay/internal/chaos/runner.go:195.3,196.18 2 0
github.com/davidparkercodes/belay/internal/chaos/runner.go:196.18,197.9 1 0
github.com/davidparkercodes/belay/internal/chaos/runner.go:199.3,199.13 1 0
github.com/davidparkercodes/belay/internal/chaos/runner.go:201.2,201.11 1 0
